/*!40101 SET @OLD_CHARACTER_SET_CLIENT=@@CHARACTER_SET_CLIENT */;
/*!40101 SET @OLD_CHARACTER_SET_RESULTS=@@CHARACTER_SET_RESULTS */;
/*!40101 SET @OLD_COLLATION_CONNECTION=@@COLLATION_CONNECTION */;
/*!50503 SET NAMES utf8 */;
/*!40103 SET @OLD_TIME_ZONE=@@TIME_ZONE */;
/*!40103 SET TIME_ZONE='+00:00' */;
/*!40014 SET @OLD_UNIQUE_CHECKS=@@UNIQUE_CHECKS, UNIQUE_CHECKS=0 */;
/*!40014 SET @OLD_FOREIGN_KEY_CHECKS=@@FOREIGN_KEY_CHECKS, FOREIGN_KEY_CHECKS=0 */;
/*!40101 SET @OLD_SQL_MODE=@@SQL_MODE, SQL_MODE='NO_AUTO_VALUE_ON_ZERO' */;
/*!40111 SET @OLD_SQL_NOTES=@@SQL_NOTES, SQL_NOTES=0 */;

--
-- Table structure for table `anhs`
--

DROP TABLE IF EXISTS `anhs`;
/*!40101 SET @saved_cs_client     = @@character_set_client */;
/*!50503 SET character_set_client = utf8mb4 */;
CREATE TABLE `anhs` (
  `id` int NOT NULL AUTO_INCREMENT,
  `link` varchar(1000) CHARACTER SET utf8 COLLATE utf8_unicode_ci DEFAULT NULL,
  `tenanh` varchar(1000) CHARACTER SET utf8 COLLATE utf8_unicode_ci DEFAULT NULL,
  `status` int DEFAULT NULL,
  `banner` int DEFAULT NULL,
  `tourId` int DEFAULT NULL,
  `createdAt` datetime NOT NULL,
  `updatedAt` datetime NOT NULL,
  PRIMARY KEY (`id`),
  KEY `tourId` (`tourId`),
  CONSTRAINT `anhs_ibfk_1` FOREIGN KEY (`tourId`) REFERENCES `tours` (`id`) ON DELETE CASCADE
) ENGINE=InnoDB AUTO_INCREMENT=49 DEFAULT CHARSET=utf8 COLLATE=utf8_unicode_ci;
/*!40101 SET character_set_client = @saved_cs_client */;

--
-- Dumping data for table `anhs`
--

LOCK TABLES `anhs` WRITE;
/*!40000 ALTER TABLE `anhs` DISABLE KEYS */;
INSERT INTO `anhs` VALUES ('1', 'https://firebasestorage.googleapis.com/v0/b/test-8b330.appspot.com/o/imagestour%2Fanhdangky.jpg?alt=media&token=bc4cc50a-bf7f-4438-972e-f859ce15837d', 'anhdangky.jpg', '1', '0', '1', '2020-12-19 09:03:10', '2020-12-24 08:45:54'),('2', 'https://firebasestorage.googleapis.com/v0/b/test-8b330.appspot.com/o/imagestour%2Fanhlogin.jpg?alt=media&token=8778efb9-d8cd-4e22-8304-106c8faab2ea', 'anhlogin.jpg', '1', '0', '1', '2020-12-19 09:03:10', '2020-12-24 08:45:55'),('19', 'https://firebasestorage.googleapis.com/v0/b/test-8b330.appspot.com/o/imagestour%2Fanh1.jpg?alt=media&token=c674dbaf-9269-4ebf-9dc4-17598da77d89', 'anh1.jpg', '1', '1', '7', '2020-12-24 08:09:35', '2022-10-30 09:46:26'),('20', 'https://firebasestorage.googleapis.com/v0/b/test-8b330.appspot.com/o/imagestour%2Fanh2.jpg?alt=media&token=10b60ce3-3749-4ec2-b2d0-9c3378847839', 'anh2.jpg', '1', '1', '7', '2020-12-24 08:09:35', '2022-10-27 07:46:00'),('21', 'https://firebasestorage.googleapis.com/v0/b/test-8b330.appspot.com/o/imagestour%2Fanh3.jpg?alt=media&token=d9ab670f-3265-4613-a077-4db4804847b9', 'anh3.jpg', '1', '1', '7', '2020-12-24 08:09:35', '2022-10-30 09:47:16'),('51', 'https://firebasestorage.googleapis.com/v0/b/test-8b330.appspot.com/o/imagestour%2Ft%E1%BA%A3i%20xu%E1%BB%91ng%20(1).jfif?alt=media&token=6c561193-7b5f-4c1a-acc9-d28915da27b6', 'tải xuống (1).jfif', '1', '0', '21', '2022-10-28 10:26:31', '2022-10-28 10:26:31'),('52', 'https://firebasestorage.googleapis.com/v0/b/test-8b330.appspot.com/o/imagestour%2Ft%E1%BA%A3i%20xu%E1%BB%91ng%20(2).jfif?alt=media&token=54e0a7e0-fbc8-45a4-a772-6ecfbb089be9', 'tải xuống (2).jfif', '1', '0', '21', '2022-10-28 10:26:31', '2022-10-28 10:26:31'),('53', 'https://firebasestorage.googleapis.com/v0/b/test-8b330.appspot.com/o/imagestour%2Ft%E1%BA%A3i%20xu%E1%BB%91ng.jfif?alt=media&token=66c9c673-738e-4ae4-b5f5-29e5a49b84fe', 'tải xuống.jfif', '1', '0', '21', '2022-10-28 10:26:31', '2022-10-30 09:47:12'),('54', 'https://firebasestorage.googleapis.com/v0/b/test-8b330.appspot.com/o/imagestour%2Fivivu-mua-thu-nhat-750x390.gif?alt=media&token=53014e24-169d-4171-900f-81501126a5ee', 'ivivu-mua-thu-nhat-750x390.gif', '1', '0', '22', '2022-10-28 12:29:07', '2022-10-28 12:29:07'),('56', 'https://firebasestorage.googleapis.com/v0/b/test-8b330.appspot.com/o/imagestour%2Fivivu-van-hoa-nhat-ban-750x390.gif?alt=media&token=7d130dd7-3501-4ca7-b90f-7b1ccbec60a8', 'ivivu-van-hoa-nhat-ban-750x390.gif', '1', '0', '22', '2022-10-28 12:29:07', '2022-10-28 12:29:07'),('57', 'https://firebasestorage.googleapis.com/v0/b/test-8b330.appspot.com/o/imagestour%2Fivivu-chua-ong-nui-quy-nhon.jpg?alt=media&token=665a17ce-baee-4f36-a201-eebdf465b529', 'ivivu-chua-ong-nui-quy-nhon.jpg', '1', '0', '23', '2022-10-28 12:44:15', '2022-10-28 12:44:15'),('58', 'https://firebasestorage.googleapis.com/v0/b/test-8b330.appspot.com/o/imagestour%2Fivivu-bao-tang-quang-trung-quy-nhon.gif?alt=media&token=4d0fbf3a-b783-439d-a854-dddecb9f088b', 'ivivu-bao-tang-quang-trung-quy-nhon.gif', '1', '0', '23', '2022-10-28 12:44:15', '2022-10-28 12:44:15'),('59', 'https://firebasestorage.googleapis.com/v0/b/test-8b330.appspot.com/o/imagestour%2Fivivu-2-bai-ky-co.gif?alt=media&token=a7a21b65-b610-4d98-b8f4-bc3ef362b0c7', 'ivivu-2-bai-ky-co.gif', '1', '0', '23', '2022-10-28 12:44:15', '2022-10-28 12:44:15'),('60', 'https://firebasestorage.googleapis.com/v0/b/test-8b330.appspot.com/o/imagestour%2Ftfd_211103041651_833323.jpg?alt=media&token=9ad7a8c5-fc2e-4bea-88a0-d2c57f3ff097', 'tfd_211103041651_833323.jpg', '1', '0', '2', '2022-10-29 08:55:10', '2022-10-29 08:55:10'),('61', 'https://firebasestorage.googleapis.com/v0/b/test-8b330.appspot.com/o/imagestour%2Ftfd_221013060421_021377.jpg?alt=media&token=3a33ba98-dd9f-4bfe-9643-6d531cdd3fce', 'tfd_221013060421_021377.jpg', '1', '0', '2', '2022-10-29 08:55:10', '2022-10-29 08:55:10'),('62', 'https://firebasestorage.googleapis.com/v0/b/test-8b330.appspot.com/o/imagestour%2Ftfd_221026033718_119104.jpg?alt=media&token=26498c03-b9ff-446f-b77c-915e8e3ae2a1', 'tfd_221026033718_119104.jpg', '1', '0', '3', '2022-10-29 09:05:42', '2022-10-29 09:05:42'),('63', 'https://firebasestorage.googleapis.com/v0/b/test-8b330.appspot.com/o/imagestour%2Ftfd_220106052814_811487.jpg?alt=media&token=a53e013b-4ee2-408a-8174-b8bf26e73181', 'tfd_220106052814_811487.jpg', '1', '0', '3', '2022-10-29 09:05:42', '2022-10-29 09:05:42'),('64', 'https://firebasestorage.googleapis.com/v0/b/test-8b330.appspot.com/o/imagestour%2Ftfd_221005031556_294541.jpg?alt=media&token=3bde7547-dd28-416a-9032-43ee325c1537', 'tfd_221005031556_294541.jpg', '1', '0', '3', '2022-10-29 09:05:42', '2022-10-29 09:05:42'),('68', 'https://firebasestorage.googleapis.com/v0/b/test-8b330.appspot.com/o/imagestour%2Fdc_220301_CAY%20THOT%20NOT%20-%20DONG%20LUA%20(4).jpg?alt=media&token=fab300ba-a206-4596-abac-a5a71596d3cc', 'dc_220301_CAY THOT NOT - DONG LUA (4).jpg', '1', '0', '24', '2022-10-29 09:22:02', '2022-10-29 09:22:02'),('69', 'https://firebasestorage.googleapis.com/v0/b/test-8b330.appspot.com/o/imagestour%2Ftfd_220623092822_046656.jpg?alt=media&token=0119ecb8-ab40-4cca-be9c-24cabc38b87b', 'tfd_220623092822_046656.jpg', '1', '0', '24', '2022-10-29 09:22:02', '2022-10-29 09:22:02'),('70', 'https://firebasestorage.googleapis.com/v0/b/test-8b330.appspot.com/o/imagestour%2Ftfd_220726050532_742819.jpg?alt=media&token=f3af745b-10a6-4c89-bad0-9f1a0d75f3b9', 'tfd_220726050532_742819.jpg', '1', '0', '24', '2022-10-29 09:22:02', '2022-10-29 09:22:02'),('71', 'https://firebasestorage.googleapis.com/v0/b/test-8b330.appspot.com/o/imagestour%2Ftfd_220831022427_855283.jpg?alt=media&token=e6b7a725-964f-4d1a-a8e9-45e241e36a04', 'tfd_220831022427_855283.jpg', '1', '0', '11', '2022-10-29 09:26:30', '2022-10-30 09:47:00'),('72', 'https://firebasestorage.googleapis.com/v0/b/test-8b330.appspot.com/o/imagestour%2Ftfd_220831022019_965521.jpg?alt=media&token=bc936373-13e9-40b9-96ad-99e1d538d3a4', 'tfd_220831022019_965521.jpg', '1', '0', '11', '2022-10-29 09:26:30', '2022-10-29 09:26:30'),('73', 'https://firebasestorage.googleapis.com/v0/b/test-8b330.appspot.com/o/imagestour%2Ftfd_220504014426_293826.jpg?alt=media&token=5544c6d2-243d-4759-8518-a7ad9c712eea', 'tfd_220504014426_293826.jpg', '1', '0', '11', '2022-10-29 09:26:30', '2022-10-29 09:26:30'),('74', 'https://firebasestorage.googleapis.com/v0/b/test-8b330.appspot.com/o/imagestour%2Ftfd_220909042606_786590.jpg?alt=media&token=b587c2e8-b7c7-46bf-a064-84d23352bdf3', 'tfd_220909042606_786590.jpg', '1', '1', '8', '2022-10-29 09:35:26', '2022-10-30 09:46:03'),('75', 'https://firebasestorage.googleapis.com/v0/b/test-8b330.appspot.com/o/imagestour%2Ftfd_220909022623_311495.jpg?alt=media&token=0a504f0c-26c2-43f7-b3a8-6d0531f730ac', 'tfd_220909022623_311495.jpg', '1', '0', '8', '2022-10-29 09:35:26', '2022-10-29 09:35:26'),('76', 'https://firebasestorage.googleapis.com/v0/b/test-8b330.appspot.com/o/imagestour%2Ftfd_220909042733_845893.jpg?alt=media&token=8f2c44a9-9995-4f51-b005-62ba5372877e', 'tfd_220909042733_845893.jpg', '1', '0', '8', '2022-10-29 09:35:26', '2022-10-29 09:35:26'),('77', 'https://firebasestorage.googleapis.com/v0/b/test-8b330.appspot.com/o/imagestour%2Ftfd_221028022724_903949.jpg?alt=media&token=cb6fe46a-e41c-471e-923d-4f267090240e', 'tfd_221028022724_903949.jpg', '1', '0', '25', '2022-10-29 09:43:45', '2022-10-29 09:43:45'),('78', 'https://firebasestorage.googleapis.com/v0/b/test-8b330.appspot.com/o/imagestour%2Ftfd_221028021812_345740.jpg?alt=media&token=b1f44157-fec4-4a29-9337-c443852527cd', 'tfd_221028021812_345740.jpg', '1', '0', '25', '2022-10-29 09:43:45', '2022-10-29 09:43:45'),('79', 'https://firebasestorage.googleapis.com/v0/b/test-8b330.appspot.com/o/imagestour%2Ftfd_221028021836_187783.jpg?alt=media&token=f049cf13-e52a-40a1-8844-89c629503502', 'tfd_221028021836_187783.jpg', '1', '0', '25', '2022-10-29 09:43:45', '2022-10-29 09:43:45'),('80', 'https://firebasestorage.googleapis.com/v0/b/test-8b330.appspot.com/o/imagestour%2Ftfd_220106052814_811487.jpg?alt=media&token=4b0d2f22-4222-4e9e-a60f-edca9ae51abe', 'tfd_220106052814_811487.jpg', '1', '0', '27', '2022-11-27 10:24:22', '2022-11-27 10:24:22'),('81', 'https://firebasestorage.googleapis.com/v0/b/test-8b330.appspot.com/o/imagestour%2Ftfd_221005031556_294541.jpg?alt=media&token=4b69a1fa-4ef0-43c1-8540-27e294101ea0', 'tfd_221005031556_294541.jpg', '1', '0', '27', '2022-11-27 10:24:22', '2022-11-27 10:24:22'),('82', 'https://firebasestorage.googleapis.com/v0/b/test-8b330.appspot.com/o/imagestour%2Ftfd_221004045037_166968.jpg?alt=media&token=10c1e780-8b78-42ab-adeb-433dc05cf1c4', 'tfd_221004045037_166968.jpg', '1', '0', '27', '2022-11-27 10:24:22', '2022-11-27 10:24:22'),('83', 'https://firebasestorage.googleapis.com/v0/b/test-8b330.appspot.com/o/imagestour%2Ftfd_221026033718_119104.jpg?alt=media&token=7e91ddac-8745-4cd0-9bd4-ce6b5b0b26b1', 'tfd_221026033718_119104.jpg', '1', '0', '27', '2022-11-27 10:24:22', '2022-11-27 10:24:22');
/*!40000 ALTER TABLE `anhs` ENABLE KEYS */;
UNLOCK TABLES;

-- Table structure for table `binhluans`
--

DROP TABLE IF EXISTS `binhluans`;
/*!40101 SET @saved_cs_client     = @@character_set_client */;
/*!50503 SET character_set_client = utf8mb4 */;
CREATE TABLE `binhluans` (
  `id` int NOT NULL AUTO_INCREMENT,
  `tourId` int DEFAULT NULL,
  `userId` int DEFAULT NULL,
  `binhluan` varchar(1000) CHARACTER SET utf8 COLLATE utf8_unicode_ci DEFAULT NULL,
  `star` int DEFAULT NULL,
  `loadhome` int DEFAULT NULL,
  `status` int DEFAULT NULL,
  `createdAt` datetime NOT NULL,
  `updatedAt` datetime NOT NULL,
  PRIMARY KEY (`id`),
  KEY `tourId` (`tourId`),
  KEY `userId` (`userId`),
  CONSTRAINT `binhluans_ibfk_1` FOREIGN KEY (`tourId`) REFERENCES `tours` (`id`) ON DELETE CASCADE,
  CONSTRAINT `binhluans_ibfk_2` FOREIGN KEY (`userId`) REFERENCES `users` (`id`) ON DELETE CASCADE
) ENGINE=InnoDB AUTO_INCREMENT=18 DEFAULT CHARSET=utf8 COLLATE=utf8_unicode_ci;
/*!40101 SET character_set_client = @saved_cs_client */;

--
-- Dumping data for table `binhluans`
--

LOCK TABLES `binhluans` WRITE;
/*!40000 ALTER TABLE `binhluans` DISABLE KEYS */;
INSERT INTO `binhluans` VALUES ('8', '11', '8', '', '3', NULL, '1', '2022-10-24 12:56:01', '2022-10-26 10:10:21'),('18', '21', '8', '', '4', NULL, '1', '2022-10-28 11:18:20', '2022-10-28 11:18:20'),('20', '24', '8', 'Giá tour hợp lí, khách sạn 3 sao rất ưng ý và phục vụ rất OK, sẽ giới thiệu bạn bè và người quen vào đi tour Miền tây. Bạn HDC rất nhiệt tình, gửi lời cảm ơn đến HQTravel.', '5', '1', '1', '2022-10-29 09:59:33', '2022-10-29 10:04:08'),('23', '21', '20', 'Đến với đà nẵng Việt Nam chắc hẳn bạn không thể bỏ qua đươc Bà Nà Hill, địa danh nổi tiếng nhất nhì ở đà nẵng\nGiá cả không quá cao nhưng bạn có thêt trải nghiệm tất cả cung bậc cảm xúc :))\nTrong 1 ngày bạn có thể cảm nhận đươc 4 mùa đang đến', '4', '1', '1', '2022-10-30 09:44:33', '2022-10-30 09:45:31');
/*!40000 ALTER TABLE `binhluans` ENABLE KEYS */;
UNLOCK TABLES;

--
-- Table structure for table `camnangduliches`
--

DROP TABLE IF EXISTS `camnangduliches`;
/*!40101 SET @saved_cs_client     = @@character_set_client */;
/*!50503 SET character_set_client = utf8mb4 */;
CREATE TABLE `camnangduliches` (
  `id` int NOT NULL AUTO_INCREMENT,
  `name` varchar(255) CHARACTER SET utf8 COLLATE utf8_unicode_ci DEFAULT NULL,
  `icon` varchar(255) CHARACTER SET utf8 COLLATE utf8_unicode_ci DEFAULT NULL,
  `content` varchar(500) CHARACTER SET utf8 COLLATE utf8_unicode_ci DEFAULT NULL,
  `createdAt` datetime NOT NULL,
  `updatedAt` datetime NOT NULL,
  `status` int DEFAULT NULL,
  PRIMARY KEY (`id`)
) ENGINE=InnoDB AUTO_INCREMENT=9 DEFAULT CHARSET=utf8 COLLATE=utf8_unicode_ci;
/*!40101 SET character_set_client = @saved_cs_client */;

--
-- Dumping data for table `camnangduliches`
--

LOCK TABLES `camnangduliches` WRITE;
/*!40000 ALTER TABLE `camnangduliches` DISABLE KEYS */;
INSERT INTO `camnangduliches` VALUES (4,'Mùa du lịch','fab fa-pagelines','Những thời điểm tốt nhất dành cho du lịch của từng địa điểm mà bạn muốn đến.','2020-12-20 00:51:16','2020-12-20 01:43:30',1),(5,'Địa điểm đẹp','fas fa-map-marker-alt','Các điểm đến, danh lam thắng cảnh của những thành phố bạn sẽ tới tham quan trong chuyến đi.','2020-12-20 00:54:01','2020-12-20 00:54:01',1),(6,'Chi phí','fas fa-dollar-sign','Thông tin những khoản chi phí phát sinh mà bạn cần dự phòng chuyến đi của mình.','2020-12-20 00:54:36','2020-12-20 01:06:32',1),(7,'Phương tiện di chuyển','fas fa-car','Thông tin các phương tiện bạn có thể sử dụng để thăm các địa điểm đẹp trong chuyến đi.','2020-12-20 00:55:16','2020-12-20 00:55:16',1),(8,'Du lịch khám phá','fab fa-instagram','Quý khách sẽ được khám phá những danh lam thắng cảnh được yêu thích nhất trên thế giới','2020-12-20 01:44:59','2020-12-28 01:39:36',0);
/*!40000 ALTER TABLE `camnangduliches` ENABLE KEYS */;
UNLOCK TABLES;

--
-- Table structure for table `chiphis`
--

DROP TABLE IF EXISTS `chiphis`;
/*!40101 SET @saved_cs_client     = @@character_set_client */;
/*!50503 SET character_set_client = utf8mb4 */;
CREATE TABLE `chiphis` (
  `id` int NOT NULL AUTO_INCREMENT,
  `title` varchar(500) COLLATE utf8_unicode_ci DEFAULT NULL,
  `money` int DEFAULT NULL,
  `createdAt` datetime NOT NULL,
  `updatedAt` datetime NOT NULL,
  PRIMARY KEY (`id`)
) ENGINE=InnoDB AUTO_INCREMENT=7 DEFAULT CHARSET=utf8 COLLATE=utf8_unicode_ci;
/*!40101 SET character_set_client = @saved_cs_client */;

--
-- Dumping data for table `chiphis`
--

LOCK TABLES `chiphis` WRITE;
/*!40000 ALTER TABLE `chiphis` DISABLE KEYS */;
INSERT INTO `chiphis` VALUES ('2', 'thuê mặt bằng tháng 10', '10000000', '2021-04-22 08:32:56', '2022-11-23 09:25:43'),('3', 'thuê xe tháng 10', '12300000', '2021-04-22 08:33:28', '2022-11-23 09:25:50'),('4', 'máy in', '3500000', '2021-04-22 14:40:18', '2021-04-23 02:22:24'),('5', 'tiền lương tháng 10', '34000000', '2021-04-22 14:43:21', '2022-11-23 09:25:36'),('7', 'Tiền thuê khách sạn tháng 10', '10000000', '2022-11-23 09:26:19', '2022-11-23 09:26:19'),('10', ' lương nhân viên tháng 11', '34000000', '2022-11-28 09:43:15', '2022-11-28 09:43:15');
/*!40000 ALTER TABLE `chiphis` ENABLE KEYS */;
UNLOCK TABLES;

--
-- Table structure for table `chitieus`
--

DROP TABLE IF EXISTS `chitieus`;
/*!40101 SET @saved_cs_client     = @@character_set_client */;
/*!50503 SET character_set_client = utf8mb4 */;
CREATE TABLE `chitieus` (
  `id` int NOT NULL AUTO_INCREMENT,
  `chitieungay` int DEFAULT NULL,
  `chitieuthang` int DEFAULT NULL,
  `chitieunam` int DEFAULT NULL,
  `createdAt` datetime NOT NULL,
  `updatedAt` datetime NOT NULL,
  `chitieutuan` int DEFAULT NULL,
  PRIMARY KEY (`id`)
) ENGINE=InnoDB AUTO_INCREMENT=2 DEFAULT CHARSET=utf8 COLLATE=utf8_unicode_ci;
/*!40101 SET character_set_client = @saved_cs_client */;

--
-- Dumping data for table `chitieus`
--

LOCK TABLES `chitieus` WRITE;
/*!40000 ALTER TABLE `chitieus` DISABLE KEYS */;
INSERT INTO `chitieus` VALUES (1,20000000,60000000,300000000,'2021-01-06 04:11:59','2021-01-06 04:11:59',40000000);
/*!40000 ALTER TABLE `chitieus` ENABLE KEYS */;
UNLOCK TABLES;

--
-- Table structure for table `diadiems`
--

DROP TABLE IF EXISTS `diadiems`;
/*!40101 SET @saved_cs_client     = @@character_set_client */;
/*!50503 SET character_set_client = utf8mb4 */;
CREATE TABLE `diadiems` (
  `id` int NOT NULL AUTO_INCREMENT,
  `name` varchar(255) CHARACTER SET utf8 COLLATE utf8_unicode_ci DEFAULT NULL,
  `status` int DEFAULT NULL,
  `quocgiaId` int DEFAULT NULL,
  `createdAt` datetime NOT NULL,
  `updatedAt` datetime NOT NULL,
  PRIMARY KEY (`id`),
  KEY `quocgiaId` (`quocgiaId`),
  CONSTRAINT `diadiems_ibfk_1` FOREIGN KEY (`quocgiaId`) REFERENCES `quocgias` (`id`) ON DELETE CASCADE
) ENGINE=InnoDB AUTO_INCREMENT=26 DEFAULT CHARSET=utf8 COLLATE=utf8_unicode_ci;
/*!40101 SET character_set_client = @saved_cs_client */;

--
-- Dumping data for table `diadiems`
--

LOCK TABLES `diadiems` WRITE;
/*!40000 ALTER TABLE `diadiems` DISABLE KEYS */;
INSERT INTO `diadiems` VALUES ('5', 'Hà Nội', '1', '1', '2020-12-23 14:11:54', '2022-10-29 08:57:46'),('10', 'Phố cổ Hà Nội', '1', '1', '2020-12-23 14:19:45', '2020-12-23 14:19:45'),('11', 'Phong nha kẻ bàng', '1', '1', '2020-12-24 02:10:01', '2020-12-24 02:10:01'),('12', 'Đà nẵng', '1', '1', '2020-12-24 02:10:12', '2020-12-24 02:10:12'),('13', 'Hồ Chí Minh', '1', '1', '2020-12-24 02:10:22', '2022-10-29 08:58:26'),('14', 'Sapa', '1', '1', '2020-12-24 02:10:29', '2020-12-24 02:10:29'),('15', 'Đà Lạt', '1', '1', '2020-12-24 02:11:05', '2022-10-29 08:58:36'),('17', 'Paris', '1', '2', '2020-12-24 08:02:56', '2022-10-29 08:57:04'),('19', 'Băng cốc', '1', '5', '2020-12-24 08:03:37', '2020-12-24 08:03:37'),('20', 'Tokyo', '1', '6', '2020-12-24 08:03:51', '2020-12-24 08:03:51'),('21', 'Singapore', '1', '7', '2020-12-24 08:04:04', '2020-12-24 08:04:04'),('22', 'London', '1', '4', '2020-12-24 08:04:13', '2020-12-24 08:04:13'),('23', 'Quảng Ninh', '1', '1', '2021-01-19 01:36:59', '2022-10-29 09:37:32'),('24', 'Hải Phòng', '1', '1', '2021-05-24 09:08:10', '2022-10-29 08:58:05'),('25', 'Ninh Bình', '1', '1', '2021-05-28 14:25:40', '2022-10-29 08:58:13'),('26', 'Nha Trang', '1', '1', '2022-10-28 12:31:48', '2022-10-28 12:31:48'),('27', 'Vũng Tàu', '1', '1', '2022-10-29 08:56:31', '2022-10-29 08:56:31'),('28', 'Miền tây', '1', '1', '2022-10-29 09:18:30', '2022-10-29 09:18:30'),('29', 'New Zealand', '1', '3', '2022-10-29 09:38:31', '2022-10-29 09:38:31');
/*!40000 ALTER TABLE `diadiems` ENABLE KEYS */;
UNLOCK TABLES;

--
-- Table structure for table `dichvus`
--

DROP TABLE IF EXISTS `dichvus`;
/*!40101 SET @saved_cs_client     = @@character_set_client */;
/*!50503 SET character_set_client = utf8mb4 */;
CREATE TABLE `dichvus` (
  `id` int NOT NULL AUTO_INCREMENT,
  `name` varchar(255) CHARACTER SET utf8 COLLATE utf8_unicode_ci DEFAULT NULL,
  `mota` varchar(255) CHARACTER SET utf8 COLLATE utf8_unicode_ci DEFAULT NULL,
  `icon` varchar(255) CHARACTER SET utf8 COLLATE utf8_unicode_ci DEFAULT NULL,
  `loadhome` int DEFAULT NULL,
  `status` int DEFAULT NULL,
  `createdAt` datetime NOT NULL,
  `updatedAt` datetime NOT NULL,
  PRIMARY KEY (`id`)
) ENGINE=InnoDB AUTO_INCREMENT=9 DEFAULT CHARSET=utf8 COLLATE=utf8_unicode_ci;
/*!40101 SET character_set_client = @saved_cs_client */;

--
-- Dumping data for table `dichvus`
--

LOCK TABLES `dichvus` WRITE;
/*!40000 ALTER TABLE `dichvus` DISABLE KEYS */;
INSERT INTO `dichvus` VALUES ('2', 'Bữa ăn', 'Khách hàng được thưởng thức ba bữa mỗi ngày miễn phí ', 'fas fa-egg', '1', '1', '2020-12-20 07:44:28', '2022-10-30 10:15:19'),('3', 'Cafe', 'Cà phê được miễn phí 2 tách một ngày', 'fas fa-coffee', '1', '1', '2020-12-20 07:47:43', '2020-12-20 07:53:54'),('4', 'Chụp ảnh', 'Được thợ chụp ảnh chuyên nghiệp chụp hình kỷ niệm', 'fas fa-camera', '1', '1', '2020-12-20 07:49:00', '2020-12-20 07:53:55'),('5', 'Đạp xe', 'Được cấp xe đạp ở từng địa điểm nhất định', 'fas fa-bicycle', '1', '1', '2020-12-20 07:50:58', '2020-12-20 07:53:56'),('6', 'Thiết bị', 'Được cung cấp thiết bị cần thiết theo loại tour', 'fas fa-hiking', '1', '1', '2020-12-20 07:52:51', '2020-12-20 07:53:48'),('7', 'Di chuyển', 'Được cung cấp miễn phí dịch vụ di chuyển khi đi theo đoàn', 'fas fa-bus-alt', '1', '1', '2020-12-20 07:56:36', '2021-01-16 07:58:46'),('8', 'Nước mía siêu sạch', 'ĐƯợc phục vụ nước mía free', 'fab fa-pagelines', '1', '1', '2021-01-16 08:09:38', '2022-10-27 07:45:06'),('9', 'Không', 'Không cung cấp dịch vụ miễn phí nào', '', '0', '1', '2022-10-30 10:10:50', '2022-10-30 10:15:29');
/*!40000 ALTER TABLE `dichvus` ENABLE KEYS */;
UNLOCK TABLES;

--
-- Table structure for table `dichvutours`
--

DROP TABLE IF EXISTS `dichvutours`;
/*!40101 SET @saved_cs_client     = @@character_set_client */;
/*!50503 SET character_set_client = utf8mb4 */;
CREATE TABLE `dichvutours` (
  `id` int NOT NULL AUTO_INCREMENT,
  `tourId` int DEFAULT NULL,
  `dichvuId` int DEFAULT NULL,
  `createdAt` datetime NOT NULL,
  `updatedAt` datetime NOT NULL,
  PRIMARY KEY (`id`),
  KEY `tourId` (`tourId`),
  KEY `dichvuId` (`dichvuId`),
  CONSTRAINT `dichvutours_ibfk_1` FOREIGN KEY (`tourId`) REFERENCES `tours` (`id`) ON DELETE CASCADE,
  CONSTRAINT `dichvutours_ibfk_2` FOREIGN KEY (`dichvuId`) REFERENCES `dichvus` (`id`) ON DELETE CASCADE
) ENGINE=InnoDB AUTO_INCREMENT=76 DEFAULT CHARSET=utf8 COLLATE=utf8_unicode_ci;
/*!40101 SET character_set_client = @saved_cs_client */;

--
-- Dumping data for table `dichvutours`
--

LOCK TABLES `dichvutours` WRITE;
/*!40000 ALTER TABLE `dichvutours` DISABLE KEYS */;
INSERT INTO `dichvutours` VALUES ('76', '22', '7', '2022-10-30 10:03:32', '2022-10-30 10:03:32'),('77', '22', '2', '2022-10-30 10:03:32', '2022-10-30 10:03:32'),('78', '25', '7', '2022-10-30 10:03:45', '2022-10-30 10:03:45'),('79', '25', '8', '2022-10-30 10:03:45', '2022-10-30 10:03:45'),('80', '1', '7', '2022-10-30 10:04:15', '2022-10-30 10:04:15'),('81', '1', '4', '2022-10-30 10:04:15', '2022-10-30 10:04:15'),('82', '1', '2', '2022-10-30 10:04:15', '2022-10-30 10:04:15'),('83', '2', '4', '2022-10-30 10:04:40', '2022-10-30 10:04:40'),('84', '2', '7', '2022-10-30 10:04:40', '2022-10-30 10:04:40'),('85', '3', '7', '2022-10-30 10:04:59', '2022-10-30 10:04:59'),('86', '3', '3', '2022-10-30 10:04:59', '2022-10-30 10:04:59'),('87', '3', '2', '2022-10-30 10:04:59', '2022-10-30 10:04:59'),('90', '7', '7', '2022-10-30 10:05:33', '2022-10-30 10:05:33'),('91', '7', '2', '2022-10-30 10:05:33', '2022-10-30 10:05:33'),('92', '7', '3', '2022-10-30 10:05:33', '2022-10-30 10:05:33'),('93', '8', '8', '2022-10-30 10:06:16', '2022-10-30 10:06:16'),('94', '8', '7', '2022-10-30 10:06:16', '2022-10-30 10:06:16'),('95', '8', '2', '2022-10-30 10:06:16', '2022-10-30 10:06:16'),('96', '11', '6', '2022-10-30 10:06:33', '2022-10-30 10:06:33'),('97', '11', '7', '2022-10-30 10:06:33', '2022-10-30 10:06:33'),('98', '11', '8', '2022-10-30 10:06:33', '2022-10-30 10:06:33'),('99', '11', '2', '2022-10-30 10:06:33', '2022-10-30 10:06:33'),('100', '23', '7', '2022-10-30 10:08:07', '2022-10-30 10:08:07'),('101', '23', '2', '2022-10-30 10:08:07', '2022-10-30 10:08:07'),('102', '23', '3', '2022-10-30 10:08:07', '2022-10-30 10:08:07'),('103', '24', '6', '2022-10-30 10:08:20', '2022-10-30 10:08:20'),('104', '24', '4', '2022-10-30 10:08:20', '2022-10-30 10:08:20'),('105', '24', '2', '2022-10-30 10:08:20', '2022-10-30 10:08:20'),('108', '27', '7', '2022-11-27 10:24:22', '2022-11-27 10:24:22'),('109', '27', '8', '2022-11-27 10:24:22', '2022-11-27 10:24:22');
/*!40000 ALTER TABLE `dichvutours` ENABLE KEYS */;
UNLOCK TABLES;

--
-- Table structure for table `hoadons`
--

DROP TABLE IF EXISTS `hoadons`;
/*!40101 SET @saved_cs_client     = @@character_set_client */;
/*!50503 SET character_set_client = utf8mb4 */;
CREATE TABLE `hoadons` (
  `id` int NOT NULL AUTO_INCREMENT,
  `tourId` int DEFAULT NULL,
  `userId` int DEFAULT NULL,
  `nguoilon` int DEFAULT NULL,
  `treem` int DEFAULT NULL,
  `embe` int DEFAULT NULL,
  `status` int DEFAULT NULL,
  `createdAt` datetime NOT NULL,
  `updatedAt` datetime NOT NULL,
  `ngaydi` varchar(255) CHARACTER SET utf8 COLLATE utf8_unicode_ci DEFAULT NULL,
  `thanhtien` int DEFAULT NULL,
  PRIMARY KEY (`id`),
  KEY `tourId` (`tourId`),
  KEY `userId` (`userId`),
  CONSTRAINT `hoadons_ibfk_1` FOREIGN KEY (`tourId`) REFERENCES `tours` (`id`) ON DELETE CASCADE,
  CONSTRAINT `hoadons_ibfk_2` FOREIGN KEY (`userId`) REFERENCES `users` (`id`) ON DELETE CASCADE
) ENGINE=InnoDB AUTO_INCREMENT=55 DEFAULT CHARSET=utf8 COLLATE=utf8_unicode_ci;
/*!40101 SET character_set_client = @saved_cs_client */;

--
-- Dumping data for table `hoadons`
--

LOCK TABLES `hoadons` WRITE;
/*!40000 ALTER TABLE `hoadons` DISABLE KEYS */;
INSERT INTO `hoadons` VALUES ('55', '2', '1', '1', '0', '0', '1', '2022-11-05 09:39:30', '2022-11-05 09:39:30', '22/11/2022', '7790000'),('56', '24', '1', '1', '0', '0', '0', '2022-11-05 09:40:43', '2022-11-05 10:25:16', '18/11/2022', '2990000'),('58', '23', '1', '1', '0', '0', '1', '2022-11-05 11:08:18', '2022-11-05 11:27:44', '12/12/2022', '3650000'),('59', '24', '1', '1', '1', '0', '1', '2022-11-23 08:10:46', '2022-11-23 08:10:46', '10/12/2022', '5980000'),('60', '24', '1', '1', '1', '0', NULL, '2022-11-23 08:16:33', '2022-11-23 08:16:33', '10/12/2022', '5980000'),('61', '23', '20', '1', '1', '0', NULL, '2022-11-27 09:45:41', '2022-11-27 09:45:41', '12/12/2022', '6843750'),('62', '21', '20', '1', '0', '0', '1', '2022-11-27 09:48:46', '2022-11-27 09:48:46', '12/12/2022', '1200000'),('63', '27', '1', '1', '0', '0', '1', '2022-12-06 10:54:26', '2022-12-06 10:54:26', '05/01/2023', '3790000');
/*!40000 ALTER TABLE `hoadons` ENABLE KEYS */;
UNLOCK TABLES;

--
-- Table structure for table `khuyenmais`
--

DROP TABLE IF EXISTS `khuyenmais`;
/*!40101 SET @saved_cs_client     = @@character_set_client */;
/*!50503 SET character_set_client = utf8mb4 */;
CREATE TABLE `khuyenmais` (
  `id` int NOT NULL AUTO_INCREMENT,
  `khuyenmai` int DEFAULT NULL,
  `status` int DEFAULT NULL,
  `createdAt` datetime NOT NULL,
  `updatedAt` datetime NOT NULL,
  `name` varchar(255) CHARACTER SET utf8 COLLATE utf8_unicode_ci DEFAULT NULL,
  PRIMARY KEY (`id`)
) ENGINE=InnoDB AUTO_INCREMENT=11 DEFAULT CHARSET=utf8 COLLATE=utf8_unicode_ci;
/*!40101 SET character_set_client = @saved_cs_client */;

--
-- Dumping data for table `khuyenmais`
--

LOCK TABLES `khuyenmais` WRITE;
/*!40000 ALTER TABLE `khuyenmais` DISABLE KEYS */;
INSERT INTO `khuyenmais` VALUES ('2', '10', '1', '2021-01-06 12:34:33', '2022-10-29 09:45:28', 'Ngày nhà giáo Việt Nam'),('3', '25', '1', '2021-01-06 12:53:32', '2021-01-06 12:53:32', 'Ngày thương binh liệt sỹ'),('4', '1', '1', '2021-01-07 01:06:58', '2021-01-08 03:07:38', 'Ngày quốc tế phụ nữ'),('5', '18', '0', '2021-01-07 01:07:15', '2022-05-20 14:00:59', 'Ngày lễ tình nhân'),('6', '15', '0', '2021-01-07 13:56:51', '2021-03-10 06:51:16', 'Ngày quốc tế lao động'),('7', '2', '1', '2021-01-15 03:09:23', '2022-10-29 09:45:45', 'Ngày quốc tế thiếu nhi'),('9', '4', '1', '2021-05-30 00:51:38', '2021-05-30 02:41:06', 'Ngày quốc khánh');
/*!40000 ALTER TABLE `khuyenmais` ENABLE KEYS */;
UNLOCK TABLES;

--
-- Table structure for table `lienhes`
--

DROP TABLE IF EXISTS `lienhes`;
/*!40101 SET @saved_cs_client     = @@character_set_client */;
/*!50503 SET character_set_client = utf8mb4 */;
CREATE TABLE `lienhes` (
  `id` int NOT NULL AUTO_INCREMENT,
  `sdt` varchar(255) CHARACTER SET utf8 COLLATE utf8_unicode_ci DEFAULT NULL,
  `email` varchar(255) CHARACTER SET utf8 COLLATE utf8_unicode_ci DEFAULT NULL,
  `content` varchar(500) CHARACTER SET utf8 COLLATE utf8_unicode_ci DEFAULT NULL,
  `diachi` varchar(1000) CHARACTER SET utf8 COLLATE utf8_unicode_ci DEFAULT NULL,
  `status` int DEFAULT NULL,
  `createdAt` datetime NOT NULL,
  `updatedAt` datetime NOT NULL,
  PRIMARY KEY (`id`)
) ENGINE=InnoDB AUTO_INCREMENT=4 DEFAULT CHARSET=utf8 COLLATE=utf8_unicode_ci;
/*!40101 SET character_set_client = @saved_cs_client */;

--
-- Dumping data for table `lienhes`
--

LOCK TABLES `lienhes` WRITE;
/*!40000 ALTER TABLE `lienhes` DISABLE KEYS */;
INSERT INTO `lienhes` VALUES ('4', '0868230145', 'quocvip27399@gmail.com', '', 'sb ltqb', '1', '2022-05-20 14:01:40', '2022-10-27 07:44:02');
/*!40000 ALTER TABLE `lienhes` ENABLE KEYS */;
UNLOCK TABLES;

--
-- Table structure for table `loaitours`
--

DROP TABLE IF EXISTS `loaitours`;
/*!40101 SET @saved_cs_client     = @@character_set_client */;
/*!50503 SET character_set_client = utf8mb4 */;
CREATE TABLE `loaitours` (
  `id` int NOT NULL AUTO_INCREMENT,
  `name` varchar(255) CHARACTER SET utf8 COLLATE utf8_unicode_ci DEFAULT NULL,
  `status` int DEFAULT NULL,
  `createdAt` datetime NOT NULL,
  `updatedAt` datetime NOT NULL,
  PRIMARY KEY (`id`)
) ENGINE=InnoDB AUTO_INCREMENT=12 DEFAULT CHARSET=utf8 COLLATE=utf8_unicode_ci;
/*!40101 SET character_set_client = @saved_cs_client */;

--
-- Dumping data for table `loaitours`
--

LOCK TABLES `loaitours` WRITE;
/*!40000 ALTER TABLE `loaitours` DISABLE KEYS */;
INSERT INTO `loaitours` VALUES ('1', 'Du lịch khám phá', '1', '2020-12-19 08:58:21', '2020-12-24 02:11:22'),('2', 'Du lịch nước ngoài', '1', '2020-12-24 02:11:34', '2020-12-24 02:11:34'),('3', 'Du lịch sinh thái', '1', '2020-12-24 02:11:53', '2020-12-24 02:11:53'),('4', 'Du lịch sáng tạo', '1', '2020-12-24 02:12:02', '2020-12-24 02:12:02'),('5', 'Tham quan', '1', '2020-12-24 02:12:12', '2020-12-24 02:12:12'),('6', 'Bãi biển', '1', '2020-12-24 02:12:23', '2020-12-24 02:12:23'),('7', 'Tình yêu', '1', '2020-12-24 02:12:45', '2020-12-24 02:12:45'),('9', 'Miền trung', '1', '2021-05-24 08:18:39', '2021-05-24 08:18:39'),('10', 'Miền bắc', '1', '2021-05-24 08:18:46', '2021-05-24 08:18:46'),('11', 'Miền Nam', '1', '2021-05-24 08:18:55', '2021-05-24 08:18:55');
/*!40000 ALTER TABLE `loaitours` ENABLE KEYS */;
UNLOCK TABLES;

--
-- Table structure for table `mangxahois`
--

DROP TABLE IF EXISTS `mangxahois`;
/*!40101 SET @saved_cs_client     = @@character_set_client */;
/*!50503 SET character_set_client = utf8mb4 */;
CREATE TABLE `mangxahois` (
  `id` int NOT NULL AUTO_INCREMENT,
  `name` varchar(255) CHARACTER SET utf8 COLLATE utf8_unicode_ci DEFAULT NULL,
  `color` varchar(255) CHARACTER SET utf8 COLLATE utf8_unicode_ci DEFAULT NULL,
  `icon` varchar(255) CHARACTER SET utf8 COLLATE utf8_unicode_ci DEFAULT NULL,
  `link` varchar(255) CHARACTER SET utf8 COLLATE utf8_unicode_ci DEFAULT NULL,
  `status` int DEFAULT NULL,
  `createdAt` datetime NOT NULL,
  `updatedAt` datetime NOT NULL,
  PRIMARY KEY (`id`)
) ENGINE=InnoDB AUTO_INCREMENT=4 DEFAULT CHARSET=utf8 COLLATE=utf8_unicode_ci;
/*!40101 SET character_set_client = @saved_cs_client */;

--
-- Dumping data for table `mangxahois`
--

LOCK TABLES `mangxahois` WRITE;
/*!40000 ALTER TABLE `mangxahois` DISABLE KEYS */;
INSERT INTO `mangxahois` VALUES ('1', 'facebook', '#3f64ab', 'fab fa-facebook-f', 'http://facebook.com/', '1', '2020-12-20 01:31:42', '2020-12-20 01:34:21'),('2', 'instagram', 'linear-gradient(45deg,#f09433 0%,#e6683c 25%,#dc2743 50%,#cc2366 75%,#bc1888 100%', 'fab fa-instagram', 'http://www.instagram.com/accounts/login/?next=/schemecolor_official/', '1', '2020-12-20 01:36:19', '2020-12-20 01:36:33'),('3', 'twitch', '#1d9ceb', 'fab fa-twitter', 'http://twitter.com/login?lang=vi', '1', '2020-12-20 01:36:54', '2021-01-16 08:05:12');
/*!40000 ALTER TABLE `mangxahois` ENABLE KEYS */;
UNLOCK TABLES;

--
-- Table structure for table `ngaydis`
--

DROP TABLE IF EXISTS `ngaydis`;
/*!40101 SET @saved_cs_client     = @@character_set_client */;
/*!50503 SET character_set_client = utf8mb4 */;
CREATE TABLE `ngaydis` (
  `id` int NOT NULL AUTO_INCREMENT,
  `ngay` varchar(255) CHARACTER SET utf8 COLLATE utf8_unicode_ci DEFAULT NULL,
  `status` int DEFAULT NULL,
  `createdAt` datetime NOT NULL,
  `updatedAt` datetime NOT NULL,
  PRIMARY KEY (`id`)
) ENGINE=InnoDB AUTO_INCREMENT=29 DEFAULT CHARSET=utf8 COLLATE=utf8_unicode_ci;
/*!40101 SET character_set_client = @saved_cs_client */;

--
-- Dumping data for table `ngaydis`
--

LOCK TABLES `ngaydis` WRITE;
/*!40000 ALTER TABLE `ngaydis` DISABLE KEYS */;
INSERT INTO `ngaydis` VALUES ('2', '08/12/2020', '1', '2020-12-19 13:38:21', '2020-12-19 13:38:21'),('3', '09/12/2020', '1', '2020-12-19 13:38:28', '2020-12-19 13:38:28'),('4', '10/12/2020', '1', '2020-12-19 13:38:32', '2020-12-19 13:38:32'),('5', '11/12/2020', '1', '2020-12-19 13:38:36', '2020-12-19 13:38:36'),('6', '24/12/2020', '1', '2020-12-23 14:20:31', '2020-12-23 14:20:31'),('7', '25/12/2020', '1', '2020-12-23 14:20:35', '2020-12-23 14:20:35'),('8', '26/12/2020', '1', '2020-12-23 14:20:37', '2020-12-23 14:20:37'),('9', '27/12/2020', '1', '2020-12-23 14:20:41', '2020-12-23 14:20:41'),('10', '28/12/2020', '1', '2020-12-23 14:20:44', '2020-12-23 14:20:44'),('11', '29/12/2020', '1', '2020-12-23 14:20:47', '2020-12-23 14:20:47'),('12', '30/12/2020', '1', '2020-12-23 14:20:50', '2020-12-23 14:20:50'),('13', '31/12/2020', '1', '2020-12-23 14:20:53', '2020-12-23 14:20:53'),('15', '31/01/2021', '1', '2020-12-30 09:24:52', '2020-12-30 09:24:52'),('17', '04/01/2021', '1', '2021-01-01 03:19:59', '2021-01-01 03:19:59'),('19', '02/01/2021', '1', '2021-01-01 03:20:07', '2021-01-01 03:20:07'),('20', '27/01/2021', '1', '2021-01-16 07:36:36', '2021-01-16 07:36:36'),('21', '28/01/2021', '1', '2021-01-19 01:34:27', '2021-01-19 01:34:27'),('22', '26/01/2021', '1', '2021-01-19 01:34:35', '2021-01-19 01:34:35'),('23', '04/02/2029', '1', '2021-02-21 07:48:29', '2021-05-10 08:50:07'),('24', '25/05/2021', '1', '2021-05-22 08:49:27', '2021-05-22 08:49:27'),('25', '02/06/2021', '1', '2021-05-29 14:19:36', '2021-05-29 14:19:36'),('26', '09/06/2021', '1', '2021-05-29 14:19:41', '2021-05-29 14:19:41'),('27', '13/06/2021', '1', '2021-05-29 14:19:44', '2021-05-29 14:19:44'),('28', '12/06/2021', '1', '2021-05-29 14:19:48', '2021-05-29 14:19:48'),('30', '01/11/2022', '1', '2022-10-27 07:22:23', '2022-10-27 07:22:23'),('31', '02/12/2022', '1', '2022-10-27 07:22:30', '2022-10-27 07:22:30'),('32', '03/12/2022', '1', '2022-10-27 07:22:38', '2022-10-27 07:22:38'),('33', '08/12/2022', '1', '2022-10-27 07:43:04', '2022-10-27 07:43:04'),('34', '09/12/2022', '1', '2022-10-27 07:43:09', '2022-10-27 07:43:09'),('35', '10/12/2022', '1', '2022-10-27 07:43:13', '2022-10-27 07:43:13'),('37', '12/12/2022', '1', '2022-10-27 07:43:27', '2022-10-27 07:43:27'),('38', '12/10/2022', '1', '2022-10-27 07:43:46', '2022-10-27 07:43:46'),('39', '10/11/2022', '1', '2022-10-29 07:41:17', '2022-10-29 07:41:17'),('40', '11/11/2022', '1', '2022-10-29 07:41:21', '2022-10-29 07:41:21'),('41', '12/11/2022', '1', '2022-10-29 07:41:23', '2022-10-29 07:41:23'),('43', '13/10/2022', '1', '2022-10-29 07:41:30', '2022-10-29 07:41:30'),('44', '14/10/2022', '1', '2022-10-29 07:41:42', '2022-10-29 07:41:42'),('45', '15/10/2022', '1', '2022-10-29 07:41:47', '2022-10-29 07:41:47'),('46', '16/10/2022', '1', '2022-10-29 07:41:50', '2022-10-29 07:41:50'),('47', '17/10/2022', '1', '2022-10-29 07:41:52', '2022-10-29 07:41:52'),('48', '18/10/2022', '1', '2022-10-29 07:41:55', '2022-10-29 07:41:55'),('49', '18/11/2022', '1', '2022-10-29 07:41:58', '2022-10-29 07:41:58'),('50', '20/11/2022', '1', '2022-10-29 07:42:03', '2022-10-29 07:42:03'),('51', '22/11/2022', '1', '2022-10-29 07:42:09', '2022-10-29 07:42:09'),('52', '01/01/2023', '1', '2022-11-23 07:58:55', '2022-11-23 07:58:55'),('53', '02/01/2023', '1', '2022-11-23 07:58:59', '2022-11-23 07:58:59'),('54', '03/01/2023', '1', '2022-11-23 07:59:02', '2022-11-23 07:59:02'),('55', '04/01/2023', '1', '2022-11-23 07:59:05', '2022-11-23 07:59:05'),('56', '05/01/2023', '1', '2022-11-23 07:59:09', '2022-11-23 07:59:09'),('57', '31/10/2022', '1', '2022-11-28 09:30:52', '2022-11-28 09:30:52'),('58', '20/03/2023', '1', '2022-11-28 09:33:33', '2022-11-28 09:33:33');
/*!40000 ALTER TABLE `ngaydis` ENABLE KEYS */;
UNLOCK TABLES;

--
-- Table structure for table `quocgias`
--

DROP TABLE IF EXISTS `quocgias`;
/*!40101 SET @saved_cs_client     = @@character_set_client */;
/*!50503 SET character_set_client = utf8mb4 */;
CREATE TABLE `quocgias` (
  `id` int NOT NULL AUTO_INCREMENT,
  `name` varchar(255) CHARACTER SET utf8 COLLATE utf8_unicode_ci DEFAULT NULL,
  `status` int DEFAULT NULL,
  `createdAt` datetime NOT NULL,
  `updatedAt` datetime NOT NULL,
  PRIMARY KEY (`id`)
) ENGINE=InnoDB AUTO_INCREMENT=8 DEFAULT CHARSET=utf8 COLLATE=utf8_unicode_ci;
/*!40101 SET character_set_client = @saved_cs_client */;

--
-- Dumping data for table `quocgias`
--

LOCK TABLES `quocgias` WRITE;
/*!40000 ALTER TABLE `quocgias` DISABLE KEYS */;
INSERT INTO `quocgias` VALUES ('1', 'Việt Nam', '1', '2020-12-19 08:58:06', '2020-12-23 14:11:37'),('2', 'Pháp', '1', '2020-12-24 08:01:48', '2020-12-24 08:01:48'),('3', 'Úc', '1', '2020-12-24 08:01:52', '2020-12-24 08:01:52'),('4', 'Anh', '1', '2020-12-24 08:01:57', '2020-12-24 08:01:57'),('5', 'Thái lan', '1', '2020-12-24 08:02:04', '2020-12-24 08:02:04'),('6', 'Nhật bản', '1', '2020-12-24 08:02:10', '2020-12-24 08:02:10'),('7', 'Singapore', '1', '2020-12-24 08:02:21', '2020-12-24 08:02:21'),('8', 'Italy', '1', '2022-10-28 12:45:44', '2022-10-28 12:45:44'),('9', 'Hàn Quốc', '1', '2022-10-28 12:46:27', '2022-10-28 12:46:27'),('10', 'Đài Loan', '1', '2022-10-28 12:46:42', '2022-10-28 12:46:42');
/*!40000 ALTER TABLE `quocgias` ENABLE KEYS */;
UNLOCK TABLES;

--
-- Table structure for table `roles`
--

DROP TABLE IF EXISTS `roles`;
/*!40101 SET @saved_cs_client     = @@character_set_client */;
/*!50503 SET character_set_client = utf8mb4 */;
CREATE TABLE `roles` (
  `id` int NOT NULL AUTO_INCREMENT,
  `name` varchar(255) CHARACTER SET utf8 COLLATE utf8_unicode_ci DEFAULT NULL,
  `status` int DEFAULT NULL,
  `mota` varchar(1000) CHARACTER SET utf8 COLLATE utf8_unicode_ci DEFAULT NULL,
  `createdAt` datetime NOT NULL,
  `updatedAt` datetime NOT NULL,
  PRIMARY KEY (`id`)
) ENGINE=InnoDB AUTO_INCREMENT=7 DEFAULT CHARSET=utf8 COLLATE=utf8_unicode_ci;
/*!40101 SET character_set_client = @saved_cs_client */;

--
-- Dumping data for table `roles`
--

LOCK TABLES `roles` WRITE;
/*!40000 ALTER TABLE `roles` DISABLE KEYS */;
INSERT INTO `roles` VALUES ('1', 'admin', '1', 'Quản lý website', '2020-12-24 14:03:43', '2020-12-24 14:03:43'),('4', 'quản lý tour', '1', 'quản lý tour', '2022-11-03 14:03:43', '2022-11-03 14:03:43'),('6', 'user', '1', 'Người dùng', '2020-12-26 12:41:09', '2022-10-27 07:44:21');
/*!40000 ALTER TABLE `roles` ENABLE KEYS */;
UNLOCK TABLES;

--
-- Table structure for table `tags`
--

DROP TABLE IF EXISTS `tags`;
/*!40101 SET @saved_cs_client     = @@character_set_client */;
/*!50503 SET character_set_client = utf8mb4 */;
CREATE TABLE `tags` (
  `id` int NOT NULL AUTO_INCREMENT,
  `name` varchar(255) CHARACTER SET utf8 COLLATE utf8_unicode_ci DEFAULT NULL,
  `status` int DEFAULT NULL,
  `createdAt` datetime NOT NULL,
  `updatedAt` datetime NOT NULL,
  PRIMARY KEY (`id`)
) ENGINE=InnoDB AUTO_INCREMENT=10 DEFAULT CHARSET=utf8 COLLATE=utf8_unicode_ci;
/*!40101 SET character_set_client = @saved_cs_client */;

--
-- Dumping data for table `tags`
--

LOCK TABLES `tags` WRITE;
/*!40000 ALTER TABLE `tags` DISABLE KEYS */;
INSERT INTO `tags` VALUES ('1', 'từ thiện', '1', '2020-12-23 08:48:21', '2020-12-23 08:48:21'),('2', 'xã hội', '1', '2020-12-23 08:48:30', '2020-12-23 08:48:30'),('3', 'sức khoẻ', '1', '2020-12-23 08:48:57', '2020-12-23 08:48:57'),('4', 'tour hot', '1', '2020-12-23 08:49:03', '2020-12-23 08:49:03'),('5', 'trải nghiệm', '1', '2020-12-23 08:49:13', '2020-12-23 08:49:13'),('6', 'câu chuyện', '1', '2020-12-23 08:49:21', '2020-12-23 08:49:21'),('7', 'hợp tác', '1', '2020-12-23 08:49:38', '2020-12-23 08:49:38'),('9', 'ok', '1', '2021-01-19 01:30:02', '2021-01-19 01:30:02');
/*!40000 ALTER TABLE `tags` ENABLE KEYS */;
UNLOCK TABLES;

--
-- Table structure for table `tintucs`
--

DROP TABLE IF EXISTS `tintucs`;
/*!40101 SET @saved_cs_client     = @@character_set_client */;
/*!50503 SET character_set_client = utf8mb4 */;
CREATE TABLE `tintucs` (
  `id` int NOT NULL AUTO_INCREMENT,
  `name` varchar(255) CHARACTER SET utf8 COLLATE utf8_unicode_ci DEFAULT NULL,
  `tomtat` varchar(1000) CHARACTER SET utf8 COLLATE utf8_unicode_ci DEFAULT NULL,
  `content` text CHARACTER SET utf8 COLLATE utf8_unicode_ci,
  `tacgia` varchar(255) CHARACTER SET utf8 COLLATE utf8_unicode_ci DEFAULT NULL,
  `anh` varchar(5000) CHARACTER SET utf8 COLLATE utf8_unicode_ci DEFAULT NULL,
  `tenanh` varchar(1000) CHARACTER SET utf8 COLLATE utf8_unicode_ci DEFAULT NULL,
  `facebook` varchar(500) CHARACTER SET utf8 COLLATE utf8_unicode_ci DEFAULT NULL,
  `instagram` varchar(500) CHARACTER SET utf8 COLLATE utf8_unicode_ci DEFAULT NULL,
  `twitch` varchar(500) CHARACTER SET utf8 COLLATE utf8_unicode_ci DEFAULT NULL,
  `status` int DEFAULT NULL,
  `createdAt` datetime NOT NULL,
  `updatedAt` datetime NOT NULL,
  PRIMARY KEY (`id`)
) ENGINE=InnoDB AUTO_INCREMENT=11 DEFAULT CHARSET=utf8 COLLATE=utf8_unicode_ci;
/*!40101 SET character_set_client = @saved_cs_client */;

--
-- Dumping data for table `tintucs`
--

LOCK TABLES `tintucs` WRITE;
/*!40000 ALTER TABLE `tintucs` DISABLE KEYS */;
INSERT INTO `tintucs` VALUES ('1', 'Có gì đặc biệt tại “Ngày hội mở mùa Xuân 2021”?', 'Sự kiện “Ngày hội mở mùa Xuân 2021” là cơ hội “vàng” để du khách mua tour Tết ưu đãi đến 49% và cơ hội trúng 100% quà tặng hấp dẫn. ', '<p style=\"text-align: justify;\"><span style=\"color: rgb(33, 33, 33); font-family: &quot;Times New Roman&quot;, Times, serif; font-style: normal; font-variant-ligatures: normal; font-variant-caps: normal; font-weight: 400; letter-spacing: normal; orphans: 2; text-indent: 0px; text-transform: none; white-space: normal; widows: 2; word-spacing: 0px; -webkit-text-stroke-width: 0px; background-color: rgb(255, 255, 255); text-decoration-thickness: initial; text-decoration-style: initial; text-decoration-color: initial; float: none; display: inline !important; font-size: 15px;\">Chỉ diễn ra duy nhất trong 02 ngày 26 và 27/12/2020 tại Nhà thi đấu Nguyễn Du (116 Nguyễn Du, Phường Bến Thành, Quận 1, TP.HCM), sự kiện “Ngày hội mở mùa Xuân 2021” là cơ hội “vàng” để du khách mua tour Tết ưu đãi đến 49% và cơ hội trúng 100% quà tặng hấp dẫn. Đây là sự kiện khuyến mại mở mùa đặc biệt, đưa du khách đến gần hơn với những hành trình nghỉ dưỡng lý tưởng.</span></p><p style=\"text-align: justify;\"><span style=\"color: rgb(33, 33, 33); font-family: &quot;Times New Roman&quot;, Times, serif; font-style: normal; font-variant-ligatures: normal; font-variant-caps: normal; font-weight: 400; letter-spacing: normal; orphans: 2; text-indent: 0px; text-transform: none; white-space: normal; widows: 2; word-spacing: 0px; -webkit-text-stroke-width: 0px; background-color: rgb(255, 255, 255); text-decoration-thickness: initial; text-decoration-style: initial; text-decoration-color: initial; float: none; display: inline !important; font-size: 15px;\"><span style=\"color: rgb(33, 33, 33); font-family: Roboto, serif; font-style: normal; font-variant-ligatures: normal; font-variant-caps: normal; font-weight: 400; letter-spacing: normal; orphans: 2; text-indent: 0px; text-transform: none; white-space: normal; widows: 2; word-spacing: 0px; -webkit-text-stroke-width: 0px; background-color: rgb(255, 255, 255); text-decoration-thickness: initial; text-decoration-style: initial; text-decoration-color: initial; float: none; display: inline !important; font-size: 15px;\">Mua tour ưu đãi lên đến 49% (*)</span><br style=\"box-sizing: border-box; color: rgb(33, 33, 33); font-family: Roboto, serif; font-style: normal; font-variant-ligatures: normal; font-variant-caps: normal; font-weight: 400; letter-spacing: normal; orphans: 2; text-indent: 0px; text-transform: none; white-space: normal; widows: 2; word-spacing: 0px; -webkit-text-stroke-width: 0px; background-color: rgb(255, 255, 255); text-decoration-thickness: initial; text-decoration-style: initial; text-decoration-color: initial; font-size: 15px;\"><span style=\"color: rgb(33, 33, 33); font-family: Roboto, serif; font-style: normal; font-variant-ligatures: normal; font-variant-caps: normal; font-weight: 400; letter-spacing: normal; orphans: 2; text-indent: 0px; text-transform: none; white-space: normal; widows: 2; word-spacing: 0px; -webkit-text-stroke-width: 0px; background-color: rgb(255, 255, 255); text-decoration-thickness: initial; text-decoration-style: initial; text-decoration-color: initial; float: none; display: inline !important; font-size: 15px;\">Mùa xuân, mùa du lịch đẹp nhất trong năm đã bắt đầu với hàng loạt tour khuyến mại hấp dẫn, đánh dấu sự trở lại của hoạt động kích cầu du lịch khi dịch Covid-19 đã được kiểm soát. Đối với lữ khách, miền rẻo cao phương Bắc luôn là “vùng đất đầy chất thơ” bởi mùa hoa đào nở rộ vào tháng Giêng, gieo vào lòng người nỗi nhớ khôn nguôi. Hãy đến để cảm nhận vẻ đẹp tinh khiết nơi đây với chùm tour “Xao xuyến mùa hoa Phương Bắc” có giá ưu đãi từ 3,99 triệu - 6,99 triệu.&nbsp;</span><br style=\"box-sizing: border-box; color: rgb(33, 33, 33); font-family: Roboto, serif; font-style: normal; font-variant-ligatures: normal; font-variant-caps: normal; font-weight: 400; letter-spacing: normal; orphans: 2; text-indent: 0px; text-transform: none; white-space: normal; widows: 2; word-spacing: 0px; -webkit-text-stroke-width: 0px; background-color: rgb(255, 255, 255); text-decoration-thickness: initial; text-decoration-style: initial; text-decoration-color: initial; font-size: 15px;\"><br style=\"box-sizing: border-box; color: rgb(33, 33, 33); font-family: Roboto, serif; font-style: normal; font-variant-ligatures: normal; font-variant-caps: normal; font-weight: 400; letter-spacing: normal; orphans: 2; text-indent: 0px; text-transform: none; white-space: normal; widows: 2; word-spacing: 0px; -webkit-text-stroke-width: 0px; background-color: rgb(255, 255, 255); text-decoration-thickness: initial; text-decoration-style: initial; text-decoration-color: initial; font-size: 15px;\"><span style=\"color: rgb(33, 33, 33); font-family: Roboto, serif; font-style: normal; font-variant-ligatures: normal; font-variant-caps: normal; font-weight: 400; letter-spacing: normal; orphans: 2; text-indent: 0px; text-transform: none; white-space: normal; widows: 2; word-spacing: 0px; -webkit-text-stroke-width: 0px; background-color: rgb(255, 255, 255); text-decoration-thickness: initial; text-decoration-style: initial; text-decoration-color: initial; float: none; display: inline !important; font-size: 15px;\">Được biết đến với tên gọi “Cung đường biển đẹp nhất Việt Nam”, khu vực miền Trung và Nam Trung bộ là những điểm nổi tiếng thu hút nhiều du khách khát khao được chiêm ngưỡng vẻ đẹp thiên nhiên. Tháng Giêng về, Vietravel tung ra chùm tour “Thiên đường của biển” hấp dẫn với giá ưu đãi từ 1,199 triệu - 4,39 triệu. Du khách sẽ được trải nghiệm những bãi biển tuyệt đẹp, miền quê thanh bình, con đèo uốn lượn quanh sườn núi, những triền cát trải dài tít tắp...Với chùm tour “Huyền thoại Cao nguyên xanh” có giá ưu đãi từ 1,59 triệu - 3,39 triệu, du khách sẽ có dịp khám phá những cao nguyên: Buôn Ma Thuột, Pleiku, Đà Lạt để không chỉ được hòa mình cùng thiên nhiên tươi đẹp mà còn có cơ hội khám phá nhiều nét văn hóa đặc sắc của các dân tộc thiểu số nơi đây. Xuôi về miền Tây để tận hưởng hương sắc trời Nam xanh tươi, đầy sức sống với chùm tour “Sắc màu Phương Nam” có giá ưu đãi từ 299 ngàn - 2,59 triệu. Hành trình sẽ đưa du khách ngược về miền Tây, xuôi theo con nước để khám phá và cảm nhận vẻ đẹp rất riêng của xứ miệt vườn.&nbsp;</span><br style=\"box-sizing: border-box; color: rgb(33, 33, 33); font-family: Roboto, serif; font-style: normal; font-variant-ligatures: normal; font-variant-caps: normal; font-weight: 400; letter-spacing: normal; orphans: 2; text-indent: 0px; text-transform: none; white-space: normal; widows: 2; word-spacing: 0px; -webkit-text-stroke-width: 0px; background-color: rgb(255, 255, 255); text-decoration-thickness: initial; text-decoration-style: initial; text-decoration-color: initial; font-size: 15px;\"><br style=\"box-sizing: border-box; color: rgb(33, 33, 33); font-family: Roboto, serif; font-style: normal; font-variant-ligatures: normal; font-variant-caps: normal; font-weight: 400; letter-spacing: normal; orphans: 2; text-indent: 0px; text-transform: none; white-space: normal; widows: 2; word-spacing: 0px; -webkit-text-stroke-width: 0px; background-color: rgb(255, 255, 255); text-decoration-thickness: initial; text-decoration-style: initial; text-decoration-color: initial; font-size: 15px;\"><span style=\"color: rgb(33, 33, 33); font-family: Roboto, serif; font-style: normal; font-variant-ligatures: normal; font-variant-caps: normal; font-weight: 400; letter-spacing: normal; orphans: 2; text-indent: 0px; text-transform: none; white-space: normal; widows: 2; word-spacing: 0px; -webkit-text-stroke-width: 0px; background-color: rgb(255, 255, 255); text-decoration-thickness: initial; text-decoration-style: initial; text-decoration-color: initial; float: none; display: inline !important; font-size: 15px;\">Bên cạnh các tour có ưu đãi giảm giá trực tiếp, khách hàng còn được tặng tour khi thanh toán với hóa đơn có các mức giá trị: từ 20 triệu sẽ được tặng một tour miền Tây trị giá 499.000đ; từ 30 triệu sẽ được tặng một tour Tà Đùng trị giá 1,590.000đ; từ 40 triệu sẽ được tặng một tour Đà Lạt trị giá 1.990.000đ. Sau khi hoàn tất các thủ tục mua tour, khách hàng còn nhận được các quà tặng thiết thực từ Vietravel, các đối tác vàng (*).&nbsp;</span><br style=\"box-sizing: border-box; color: rgb(33, 33, 33); font-family: Roboto, serif; font-style: normal; font-variant-ligatures: normal; font-variant-caps: normal; font-weight: 400; letter-spacing: normal; orphans: 2; text-indent: 0px; text-transform: none; white-space: normal; widows: 2; word-spacing: 0px; -webkit-text-stroke-width: 0px; background-color: rgb(255, 255, 255); text-decoration-thickness: initial; text-decoration-style: initial; text-decoration-color: initial; font-size: 15px;\"><br style=\"box-sizing: border-box; color: rgb(33, 33, 33); font-family: Roboto, serif; font-style: normal; font-variant-ligatures: normal; font-variant-caps: normal; font-weight: 400; letter-spacing: normal; orphans: 2; text-indent: 0px; text-transform: none; white-space: normal; widows: 2; word-spacing: 0px; -webkit-text-stroke-width: 0px; background-color: rgb(255, 255, 255); text-decoration-thickness: initial; text-decoration-style: initial; text-decoration-color: initial; font-size: 15px;\"><span style=\"color: rgb(33, 33, 33); font-family: Roboto, serif; font-style: normal; font-variant-ligatures: normal; font-variant-caps: normal; font-weight: 400; letter-spacing: normal; orphans: 2; text-indent: 0px; text-transform: none; white-space: normal; widows: 2; word-spacing: 0px; -webkit-text-stroke-width: 0px; background-color: rgb(255, 255, 255); text-decoration-thickness: initial; text-decoration-style: initial; text-decoration-color: initial; float: none; display: inline !important; font-size: 15px;\">(*) Đây là chương trình ưu đãi đặc biệt chỉ diễn ra trong 02 ngày tại sự kiện “Ngày hội mở mùa tour Tết 2021”. (Chương trình áp dụng khách hàng thanh toán 100% giá trị tour).&nbsp;</span><br style=\"box-sizing: border-box; color: rgb(33, 33, 33); font-family: Roboto, serif; font-style: normal; font-variant-ligatures: normal; font-variant-caps: normal; font-weight: 400; letter-spacing: normal; orphans: 2; text-indent: 0px; text-transform: none; white-space: normal; widows: 2; word-spacing: 0px; -webkit-text-stroke-width: 0px; background-color: rgb(255, 255, 255); text-decoration-thickness: initial; text-decoration-style: initial; text-decoration-color: initial; font-size: 15px;\"><br style=\"box-sizing: border-box; color: rgb(33, 33, 33); font-family: Roboto, serif; font-style: normal; font-variant-ligatures: normal; font-variant-caps: normal; font-weight: 400; letter-spacing: normal; orphans: 2; text-indent: 0px; text-transform: none; white-space: normal; widows: 2; word-spacing: 0px; -webkit-text-stroke-width: 0px; background-color: rgb(255, 255, 255); text-decoration-thickness: initial; text-decoration-style: initial; text-decoration-color: initial; font-size: 15px;\"><span style=\"color: rgb(33, 33, 33); font-family: Roboto, serif; font-style: normal; font-variant-ligatures: normal; font-variant-caps: normal; font-weight: 400; letter-spacing: normal; orphans: 2; text-indent: 0px; text-transform: none; white-space: normal; widows: 2; word-spacing: 0px; -webkit-text-stroke-width: 0px; background-color: rgb(255, 255, 255); text-decoration-thickness: initial; text-decoration-style: initial; text-decoration-color: initial; float: none; display: inline !important; font-size: 15px;\">Ngoài ra, đến với “Ngày hội mở mùa Xuân 2021” khách hàng sẽ được tham khảo Chương trình khuyến mại Xuân 2021 diễn ra từ 26/12/2020 – 21/3/2021 cùng hàng trăm tour Tết hấp dẫn khác.</span><br style=\"box-sizing: border-box; color: rgb(33, 33, 33); font-family: Roboto, serif; font-style: normal; font-variant-ligatures: normal; font-variant-caps: normal; font-weight: 400; letter-spacing: normal; orphans: 2; text-indent: 0px; text-transform: none; white-space: normal; widows: 2; word-spacing: 0px; -webkit-text-stroke-width: 0px; background-color: rgb(255, 255, 255); text-decoration-thickness: initial; text-decoration-style: initial; text-decoration-color: initial; font-size: 15px;\"><br style=\"box-sizing: border-box; color: rgb(33, 33, 33); font-family: Roboto, serif; font-style: normal; font-variant-ligatures: normal; font-variant-caps: normal; font-weight: 400; letter-spacing: normal; orphans: 2; text-indent: 0px; text-transform: none; white-space: normal; widows: 2; word-spacing: 0px; -webkit-text-stroke-width: 0px; background-color: rgb(255, 255, 255); text-decoration-thickness: initial; text-decoration-style: initial; text-decoration-color: initial; font-size: 15px;\"><span style=\"color: rgb(33, 33, 33); font-family: Roboto, serif; font-style: normal; font-variant-ligatures: normal; font-variant-caps: normal; font-weight: 400; letter-spacing: normal; orphans: 2; text-indent: 0px; text-transform: none; white-space: normal; widows: 2; word-spacing: 0px; -webkit-text-stroke-width: 0px; background-color: rgb(255, 255, 255); text-decoration-thickness: initial; text-decoration-style: initial; text-decoration-color: initial; float: none; display: inline !important; font-size: 15px;\">Trải nghiệm các hoạt động hấp dẫn tại gian hàng</span><br style=\"box-sizing: border-box; color: rgb(33, 33, 33); font-family: Roboto, serif; font-style: normal; font-variant-ligatures: normal; font-variant-caps: normal; font-weight: 400; letter-spacing: normal; orphans: 2; text-indent: 0px; text-transform: none; white-space: normal; widows: 2; word-spacing: 0px; -webkit-text-stroke-width: 0px; background-color: rgb(255, 255, 255); text-decoration-thickness: initial; text-decoration-style: initial; text-decoration-color: initial; font-size: 15px;\"><span style=\"color: rgb(33, 33, 33); font-family: Roboto, serif; font-style: normal; font-variant-ligatures: normal; font-variant-caps: normal; font-weight: 400; letter-spacing: normal; orphans: 2; text-indent: 0px; text-transform: none; white-space: normal; widows: 2; word-spacing: 0px; -webkit-text-stroke-width: 0px; background-color: rgb(255, 255, 255); text-decoration-thickness: initial; text-decoration-style: initial; text-decoration-color: initial; float: none; display: inline !important; font-size: 15px;\">Trong khuôn khổ hai ngày diễn ra sự kiện, bên cạnh các hoạt động tư vấn, gian hàng Vietravel sẽ có nhiều chương trình hấp dẫn với nhiều phần quà độc đáo dành tặng khách hàng đến tham dự. Theo đó, ngày 26/12 sẽ diễn ra hoạt động chụp hình check-in Facebook với giải thưởng WTA tại sự kiện; ngày 27/12 diễn ra hoạt động chụp hình check-in Facebook thử tài làm tiếp viên Hàng không Vietravel Airlines. Ngoài ra, còn có các hoạt động sôi nổi và hấp dẫn khác như: show diễn “Tôi yêu Việt Nam”, hoạt náo mini game sân khấu; rút thăm may mắn, tặng quạt mini… Du khách có thể tham khảo thêm thông tin bổ ích khác từ các đơn vị thành viên của Vietravel như: WorldTrans - Sàn vé máy bay lớn nhất Việt Nam, Trường Cao đẳng Quốc tế Kent, các đối tác Win together với nhiều lĩnh vực khác nhau…</span><br style=\"box-sizing: border-box; color: rgb(33, 33, 33); font-family: Roboto, serif; font-style: normal; font-variant-ligatures: normal; font-variant-caps: normal; font-weight: 400; letter-spacing: normal; orphans: 2; text-indent: 0px; text-transform: none; white-space: normal; widows: 2; word-spacing: 0px; -webkit-text-stroke-width: 0px; background-color: rgb(255, 255, 255); text-decoration-thickness: initial; text-decoration-style: initial; text-decoration-color: initial; font-size: 15px;\"><br style=\"box-sizing: border-box; color: rgb(33, 33, 33); font-family: Roboto, serif; font-style: normal; font-variant-ligatures: normal; font-variant-caps: normal; font-weight: 400; letter-spacing: normal; orphans: 2; text-indent: 0px; text-transform: none; white-space: normal; widows: 2; word-spacing: 0px; -webkit-text-stroke-width: 0px; background-color: rgb(255, 255, 255); text-decoration-thickness: initial; text-decoration-style: initial; text-decoration-color: initial; font-size: 15px;\"><span style=\"color: rgb(33, 33, 33); font-family: Roboto, serif; font-style: normal; font-variant-ligatures: normal; font-variant-caps: normal; font-weight: 400; letter-spacing: normal; orphans: 2; text-indent: 0px; text-transform: none; white-space: normal; widows: 2; word-spacing: 0px; -webkit-text-stroke-width: 0px; background-color: rgb(255, 255, 255); text-decoration-thickness: initial; text-decoration-style: initial; text-decoration-color: initial; float: none; display: inline !important; font-size: 15px;\">Ngày hội mở mùa Xuân 2021 chắc chắn sẽ tạo ấn tượng đẹp trong lòng du khách tham quan. Đây cũng là mùa mở màn cho chương trình khuyến mại Xuân 2021, đưa du khách đến gần hơn với những hành trình Du xuân lý tưởng, thật nhiều ý nghĩa và tràn đầy may mắn.</span></span></p>', 'Lê Văn Quốc', 'https://firebasestorage.googleapis.com/v0/b/test-8b330.appspot.com/o/imagestintuc%2FKV%20MINI%20FAIR_Anhdangweb%201336-891px.jpg?alt=media&token=cb4312a4-f6c5-474d-a8d7-651dc40e1817', 'KV MINI FAIR_Anhdangweb 1336-891px.jpg', 'https://www.facebook.com', 'https://www.instagram.com', 'https://twitter.com', '1', '2022-10-27 04:32:16', '2022-10-28 05:32:00'),('2', 'Cập nhật chương trình bán trợ giá khẩu trang', 'Chỉ trong vòng 4 ngày từ 01/12 đến 04/12, hơn 20 triệu chiếc khẩu trang được đến tay người tiêu dùng, các sản phẩm khẩu trang 3, 4 lớp được người tiêu dùng ưa chuộng.', '<div class=\"mda-archive\" style=\"box-sizing: border-box; margin: 0px 0px 20px; padding: 0px 0px 15px; border-bottom: 1px solid rgba(0, 0, 0, 0.15); color: rgb(51, 51, 51); font-family: Muli, sans-serif; font-size: 14px; font-style: normal; font-variant-ligatures: normal; font-variant-caps: normal; font-weight: 400; letter-spacing: normal; orphans: 2; text-align: justify; text-indent: 0px; text-transform: none; white-space: normal; widows: 2; word-spacing: 0px; -webkit-text-stroke-width: 0px; background-color: rgb(255, 255, 255); text-decoration-thickness: initial; text-decoration-style: initial; text-decoration-color: initial;\"><div class=\"mda-archive-content\" itemprop=\"description\" style=\"box-sizing: border-box; margin: 0px; padding: 0px; position: relative;\"><p style=\"box-sizing: border-box; margin: 0px; padding: 5px 0px; font-family: Arial;\"><em style=\"box-sizing: border-box;\">Chương trình khuyến mãi trợ giá khẩu trang của Du Lịch Việt phối hợp cùng Công ty Cổ phần Y Tế<span>&nbsp;</span><strong style=\"box-sizing: border-box; font-weight: 700;\"><a href=\"http://ecommed.vn/\" style=\"box-sizing: border-box; color: rgb(51, 51, 51); text-decoration: none; background-color: transparent; transition: all 0.3s linear 0s;\">Ecom Med</a></strong><span>&nbsp;</span>đã thực sự tạo được giá trị chia sẻ rộng rãi, chỉ trong vòng 4 ngày từ 01/12 đến 04/12, hơn 20 triệu chiếc khẩu trang được đến tay người tiêu dùng, các sản phẩm khâu trang 3, 4 lớp được người tiêu dùng ưa chuộng, đặc biệt là dòng khẩu trang trẻ em cũng rất được quan tâm. Ý thức bảo vệ sức khỏe cho các em học sinh tiểu học và độ tuổi mẫu giáo trở xuống ngày càng được chú trọng. Hiện các nhà phân phối lớn đang rất hưởng ứng để lan tỏa chương trình bán giá bình ổn khẩu trang Ecom Med. Hệ thống đặt hàng online của https://ecommart.vn/ liên tục xử lý các đơn hàng. Để tạo thuận lợi cho việc mua hàng của người tiêu dùng, hệ thống sẽ vẫn nhận đặt hàng trực tuyến kể cả thứ 7 và chủ nhật 24/24.</em></p></div></div><div class=\"the-content desc\" style=\"box-sizing: border-box; margin: 0px 0px 40px; padding: 0px; color: rgb(51, 51, 51); font-family: Muli, sans-serif; font-size: 14px; font-style: normal; font-variant-ligatures: normal; font-variant-caps: normal; font-weight: 400; letter-spacing: normal; orphans: 2; text-align: justify; text-indent: 0px; text-transform: none; white-space: normal; widows: 2; word-spacing: 0px; -webkit-text-stroke-width: 0px; background-color: rgb(255, 255, 255); text-decoration-thickness: initial; text-decoration-style: initial; text-decoration-color: initial;\"><p style=\"box-sizing: border-box; margin: 0px; padding: 5px 0px; font-family: Arial;\">&nbsp;</p><p style=\"box-sizing: border-box; margin: 0px; padding: 5px 0px; font-family: Arial;\">Công ty Cổ phần Y Tế Ecom Med triển khai chương trình trợ giá&nbsp;Khẩu Trang Y Tế chất lượng giá chỉ từ 25.000 VNĐ / Hộp 50 Cái - CÓ KHÁNG KHUẨN</p><p style=\"box-sizing: border-box; margin: 0px; padding: 5px 0px; font-family: Arial;\"><img src=\"https://file.hstatic.net/200000183687/file/mobile_fb0de324d47f4627868693c36fda2606_grande.jpg\" style=\"box-sizing: border-box; border: 0px; vertical-align: middle; max-width: 100%; height: auto; display: block; margin-left: auto; margin-right: auto;\"></p><p style=\"box-sizing: border-box; margin: 0px; padding: 5px 0px; font-family: Arial;\">&nbsp;</p><p style=\"box-sizing: border-box; margin: 0px; padding: 5px 0px; font-family: Arial;\"><span style=\"box-sizing: border-box; font-size: 16px;\"><strong style=\"box-sizing: border-box; font-weight: 700;\">Bảng giá&nbsp;chương trình trợ giá từ 01/12 đến 31/12/2020:</strong></span></p><p style=\"box-sizing: border-box; margin: 0px; padding: 5px 0px; font-family: Arial;\">&nbsp;</p><p style=\"box-sizing: border-box; margin: 0px; padding: 5px 0px; font-family: Arial;\"><strong style=\"box-sizing: border-box; font-weight: 700;\">** Loại 3 Lớp Kháng Khuẩn BFE 95%</strong></p><p style=\"box-sizing: border-box; margin: 0px; padding: 5px 0px; font-family: Arial;\"><strong style=\"box-sizing: border-box; font-weight: 700;\"><a href=\"https://ecommart.vn/products/khau-trang-y-te-khang-khuan-3-lop-95-hop-50-cai\" style=\"box-sizing: border-box; color: rgb(51, 51, 51); text-decoration: none; background-color: transparent; transition: all 0.3s linear 0s;\">Khẩu Trang Y Tế Kháng Khuẩn 3 Lớp 95% [Hộp 50/Cái]</a>&nbsp; &nbsp;<span style=\"box-sizing: border-box; color: rgb(231, 76, 60);\">Giá: 25.000 vnđ</span></strong></p><p style=\"box-sizing: border-box; margin: 0px; padding: 5px 0px; font-family: Arial;\">&nbsp;</p><p style=\"box-sizing: border-box; margin: 0px; padding: 5px 0px; font-family: Arial;\"><strong style=\"box-sizing: border-box; font-weight: 700;\">** Loại 3 Lớp Kháng Khuẩn BFE 99%</strong></p><p style=\"box-sizing: border-box; margin: 0px; padding: 5px 0px; font-family: Arial;\"><strong style=\"box-sizing: border-box; font-weight: 700;\"><a href=\"https://ecommart.vn/products/khau-trang-y-te-khang-khuan-3-lop-99-hop-50-cai\" style=\"box-sizing: border-box; color: rgb(51, 51, 51); text-decoration: none; background-color: transparent; transition: all 0.3s linear 0s;\">Khẩu Trang Y Tế Kháng Khuẩn 3 Lớp 99% [Hộp 50/Cái]</a>&nbsp;&nbsp;<span>&nbsp;</span><span style=\"box-sizing: border-box; color: rgb(231, 76, 60);\">Giá: 30.000 vnđ</span></strong></p><p style=\"box-sizing: border-box; margin: 0px; padding: 5px 0px; font-family: Arial;\"><strong style=\"box-sizing: border-box; font-weight: 700;\"><a href=\"https://ecommart.vn/products/khau-trang-y-te-khang-khuan-3-lop-99-dong-rieng-tung-cai-hop-30-cai\" style=\"box-sizing: border-box; color: rgb(51, 51, 51); text-decoration: none; background-color: transparent; transition: all 0.3s linear 0s;\">Khẩu Trang Y Tế Kháng Khuẩn 3 Lớp 99% Đóng Gói Riêng Từng Cái&nbsp;[Hộp 30/Cái]</a>&nbsp;<span style=\"box-sizing: border-box; color: rgb(231, 76, 60);\">Giá: 30.000 vnđ</span></strong></p><p style=\"box-sizing: border-box; margin: 0px; padding: 5px 0px; font-family: Arial;\"><strong style=\"box-sizing: border-box; font-weight: 700;\"><a href=\"https://ecommart.vn/products/khau-trang-y-te-khang-khuan-3-lop-99-dang-tui-tien-loi-10-cai\" style=\"box-sizing: border-box; color: rgb(51, 51, 51); text-decoration: none; background-color: transparent; transition: all 0.3s linear 0s;\">Khẩu Trang Y Tế Kháng Khuẩn 3 Lớp 99% Dạng Túi Tiện Lợi [10 Cái/Túi]</a>&nbsp;<span>&nbsp;</span><span style=\"box-sizing: border-box; color: rgb(231, 76, 60);\">Giá: 10.000 vnđ</span></strong></p><p style=\"box-sizing: border-box; margin: 0px; padding: 5px 0px; font-family: Arial;\">&nbsp;</p><p style=\"box-sizing: border-box; margin: 0px; padding: 5px 0px; font-family: Arial;\"><strong style=\"box-sizing: border-box; font-weight: 700;\">** Loại 4&nbsp;Lớp Kháng Khuẩn BFE 95%</strong></p><p style=\"box-sizing: border-box; margin: 0px; padding: 5px 0px; font-family: Arial;\"><strong style=\"box-sizing: border-box; font-weight: 700;\"><a href=\"https://ecommart.vn/products/khau-trang-y-te-khang-khuan-4-lop-95\" style=\"box-sizing: border-box; color: rgb(51, 51, 51); text-decoration: none; background-color: transparent; transition: all 0.3s linear 0s;\">Khẩu Trang Y Tế Kháng Khuản 4 Lớp 95% [Hộp x 50 cái]</a>&nbsp;&nbsp;<span style=\"box-sizing: border-box; color: rgb(231, 76, 60);\">Giá: 30.000 vnđ</span></strong></p><p style=\"box-sizing: border-box; margin: 0px; padding: 5px 0px; font-family: Arial;\">&nbsp;</p><p style=\"box-sizing: border-box; margin: 0px; padding: 5px 0px; font-family: Arial;\"><strong style=\"box-sizing: border-box; font-weight: 700;\">** Loại 4&nbsp;Lớp Kháng Khuẩn BFE 99%</strong></p><p style=\"box-sizing: border-box; margin: 0px; padding: 5px 0px; font-family: Arial;\"><strong style=\"box-sizing: border-box; font-weight: 700;\"><a href=\"https://ecommart.vn/products/khau-trang-y-te-khang-khuan-4-lop-99-hop-50-cai\" style=\"box-sizing: border-box; color: rgb(51, 51, 51); text-decoration: none; background-color: transparent; transition: all 0.3s linear 0s;\">Khẩu Trang Y Tế Kháng Khuẩn 4 lớp 99% [Hộp x 50 cái]</a>&nbsp;&nbsp;<span style=\"box-sizing: border-box; color: rgb(231, 76, 60);\">Giá: 35.000 vnđ</span></strong></p><p style=\"box-sizing: border-box; margin: 0px; padding: 5px 0px; font-family: Arial;\"><strong style=\"box-sizing: border-box; font-weight: 700;\"><a href=\"https://ecommart.vn/products/khau-trang-y-te-khang-khuan-4-lop-99-dong-goi-rieng-tung-chiec-hop-30-cai\" style=\"box-sizing: border-box; color: rgb(51, 51, 51); text-decoration: none; background-color: transparent; transition: all 0.3s linear 0s;\">Khẩu Trang Y Tế Kháng Khuẩn 4 Lớp 99% Đóng Gói Riêng Từng Cái&nbsp;[Hộp 30/Cái]</a>&nbsp;<span style=\"box-sizing: border-box; color: rgb(231, 76, 60);\">Giá: 35.000 vnđ</span></strong></p><p style=\"box-sizing: border-box; margin: 0px; padding: 5px 0px; font-family: Arial;\"><strong style=\"box-sizing: border-box; font-weight: 700;\"><a href=\"https://ecommart.vn/products/khau-trang-y-te-khang-khuan-4-lop-99-dang-tui-tien-loi-10-cai\" style=\"box-sizing: border-box; color: rgb(51, 51, 51); text-decoration: none; background-color: transparent; transition: all 0.3s linear 0s;\">Khẩu Trang Y Tế Kháng Khuẩn 4&nbsp;Lớp 99% Dạng Túi Tiện Lợi [10 Cái/Túi]</a>&nbsp;<span>&nbsp;</span><span style=\"box-sizing: border-box; color: rgb(231, 76, 60);\">Giá: 12.000 vnđ</span></strong></p><p style=\"box-sizing: border-box; margin: 0px; padding: 5px 0px; font-family: Arial;\">&nbsp;</p><p style=\"box-sizing: border-box; margin: 0px; padding: 5px 0px; font-family: Arial;\"><strong style=\"box-sizing: border-box; font-weight: 700;\">** Khẩu Trang Y Tế Trẻ Em Ecom Med Kid\'s Mask</strong></p><p style=\"box-sizing: border-box; margin: 0px; padding: 5px 0px; font-family: Arial;\"><strong style=\"box-sizing: border-box; font-weight: 700;\"><a href=\"https://ecommart.vn/products/khau-trang-y-te-tre-em-ecom-med-kid-mask-khang-khuan-3-lop\" style=\"box-sizing: border-box; color: rgb(51, 51, 51); text-decoration: none; background-color: transparent; transition: all 0.3s linear 0s;\">Khẩu Trang Y Tế Kháng Khuẩn Trẻ Em 3 Lớp [Hộp 50/Cái]</a>&nbsp;&nbsp;<span style=\"box-sizing: border-box; color: rgb(231, 76, 60);\">Giá: 35.000 vnđ</span></strong></p><p style=\"box-sizing: border-box; margin: 0px; padding: 5px 0px; font-family: Arial;\"><strong style=\"box-sizing: border-box; font-weight: 700;\"><a href=\"https://ecommart.vn/products/nhan-ban-tu-khau-trang-y-te-tre-em-ecom-med-kid-s-mask-khang-khuan-3-lop\" style=\"box-sizing: border-box; color: rgb(51, 51, 51); text-decoration: none; background-color: transparent; transition: all 0.3s linear 0s;\">Khẩu Trang Y Tế Kháng Khuẩn Trẻ Em 3 Lớp Dạng Túi Tiện Lợi [10 cái/Túi]</a>&nbsp;&nbsp;<span style=\"box-sizing: border-box; color: rgb(231, 76, 60);\">Giá: 10.000 vnđ</span></strong></p><p style=\"box-sizing: border-box; margin: 0px; padding: 5px 0px; font-family: Arial;\">&nbsp;</p><p style=\"box-sizing: border-box; margin: 0px; padding: 5px 0px; font-family: Arial;\"><strong style=\"box-sizing: border-box; font-weight: 700;\">** Khẩu Trang Than Hoạt Tính &amp; Nano Bạc &amp; VN-N95</strong></p><p style=\"box-sizing: border-box; margin: 0px; padding: 5px 0px; font-family: Arial;\"><strong style=\"box-sizing: border-box; font-weight: 700;\"><a href=\"https://ecommart.vn/products/khau-trang-y-te-ecom-med-khang-khuan-4-lop-voi-lop-than-hoat-tinh-carbon\" style=\"box-sizing: border-box; color: rgb(51, 51, 51); text-decoration: none; background-color: transparent; transition: all 0.3s linear 0s;\">Khẩu Trang Y Tế Kháng Khuẩn 4 Lớp Than Hoạt Tính [30 Bịch/Hộp]</a>&nbsp;&nbsp;<span style=\"box-sizing: border-box; color: rgb(231, 76, 60);\">Giá: 80.000 vnđ</span></strong></p><p style=\"box-sizing: border-box; margin: 0px; padding: 5px 0px; font-family: Arial;\"><strong style=\"box-sizing: border-box; font-weight: 700;\"><a href=\"https://ecommart.vn/products/khau-trang-y-te-ecom-med-nano-premium-khang-khuan-4-lop-voi-lop-nano-bac\" style=\"box-sizing: border-box; color: rgb(51, 51, 51); text-decoration: none; background-color: transparent; transition: all 0.3s linear 0s;\">Khẩu Trang Y Tế Kháng Khuẩn 4 Lớp Tinh Thể Nano Bạc [30 Bịch/Hộp]</a>&nbsp;&nbsp;<span style=\"box-sizing: border-box; color: rgb(231, 76, 60);\">Giá: 80.000 vnđ</span></strong></p><p style=\"box-sizing: border-box; margin: 0px; padding: 5px 0px; font-family: Arial;\"><strong style=\"box-sizing: border-box; font-weight: 700;\"><a href=\"https://ecommart.vn/products/khau-trang-ecom-med-n95\" style=\"box-sizing: border-box; color: rgb(51, 51, 51); text-decoration: none; background-color: transparent; transition: all 0.3s linear 0s;\">Khẩu Trang VN-N95 [Hộp 30 Cái]</a>&nbsp;<span>&nbsp;</span><span style=\"box-sizing: border-box; color: rgb(231, 76, 60);\">Giá: 360.000 vnđ</span></strong></p><p style=\"box-sizing: border-box; margin: 0px; padding: 5px 0px; font-family: Arial;\">&nbsp;</p><p style=\"box-sizing: border-box; margin: 0px; padding: 5px 0px; font-family: Arial;\">Trước diễn biến phức tạp của dịch bệnh Covid-19, đặc biệt là các ca nhiễm được phát hiện tại Tp.HCM mới đây đã khiến cộng đồng lo lắng, việc đeo khẩu trang để bảo vệ sức khỏe cho bản thân và người xung quanh là rất cần thiết. Do đó, việc lựa chọn và sử dụng sản phẩm y tế đạt chất lượng, có khả năng lọc được các vi khuẩn, virus và mầm bệnh với giá thành hợp lý trở thành mối quan tâm cấp bách hơn bao giờ hết.</p><p style=\"box-sizing: border-box; margin: 0px; padding: 5px 0px; font-family: Arial;\">Nhận thấy trách nhiệm xã hội của doanh nghiệp đi đầu, tháng 12/2020, Công ty Cổ phần Y Tế Ecom&nbsp;Med tung ra chương trình khuyến mãi trợ giá các sản phẩm khẩu trang kháng khuẩn&nbsp;với giá bán chỉ từ 25.000/Hộp 50 Chiếc. Với mức giá này mọi người, mọi nhà đều có thể mua được sản phẩm khẩu trang chất lượng với giá thành hợp lý nhất cho mình và người thân.&nbsp;</p><p style=\"box-sizing: border-box; margin: 0px; padding: 5px 0px; font-family: Arial;\">Khẩu trang Y Tế kháng khuẩn có độ lọc khuẩn đến 95%, có thể ngăn bụi mịn, virus với chỉ số lọc khuẩn BFE lên đến 95%. Giá khuyến mãi chỉ từ 25.000 VNĐ / Hộp 50 Chiếc. Sản phẩm được dùng trong sinh hoạt thông thường, trường học, trong các môi trường làm việc công sở bình thường, hoặc các cơ sở y tế, bệnh viện.</p><p style=\"box-sizing: border-box; margin: 0px; padding: 5px 0px; font-family: Arial;\"><span style=\"box-sizing: border-box; font-size: 14px;\"><span style=\"box-sizing: border-box; background-color: white;\"><span style=\"box-sizing: border-box; color: black;\">Khẩu trang Y Tế kháng khuẩn có độ lọc khuẩn đến 99%, có thể ngăn bụi mịn, virus với chỉ số lọc khuẩn BFE lên đến 99%. Sản phẩm có thể được dùng trong các môi trường có nguy cơ lây nhiễm cao như phòng thí nghiệm, bệnh viện, phòng mổ,… Đối với các loại khẩu trang dùng trong phòng mổ, yêu cầu về độ vô trùng của chiếc khẩu trang đó rất nghiêm ngặt, vì thế bắt buộc phải qua công đoạn tiệt trùng bằng khí EO hoặc tia cực tím để đảm bảo độ vô khuẩn cho những chiếc khẩu trang này.</span></span></span></p><p style=\"box-sizing: border-box; margin: 0px; padding: 5px 0px; font-family: Arial;\"><span style=\"box-sizing: border-box; font-size: 14px;\"><span style=\"box-sizing: border-box; color: black;\">Ngoài ra đối với các môi trường đặc thù như: nơi nhiều khói bụi ô nhiễm độc hại tại hầm mỏ, công trường, những nơi có nhiều tác nhân dị ứng, phấn hoa, hóa chất,… thì khẩu trang than hoạt tính (thường màu đen) và các loại khẩu trang, mặt nạ chống độc sẽ phát huy tác dụng. Còn đối với các môi trường có nguy cơ lây nhiễm rất cao như phòng phẫu thuật, khu vực có dịch bệnh, phòng nghiên cứu bệnh dịch, virus,… thì các loại khẩu trang có bổ sung các lớp diệt virus như Nano Bạc lại phát huy tác dụng.</span></span></p><p style=\"box-sizing: border-box; margin: 0px; padding: 5px 0px; font-family: Arial;\"><span style=\"box-sizing: border-box; font-size: 14px;\"><span style=\"box-sizing: border-box; color: black;\">Các loại khẩu trang trong chương trình khuyến mãi kể trên có&nbsp;lớp lõi là lớp lọc khuẩn Meltblown, khách hàng có thể dễ dàng kiểm tra bằng cách cắt chiếc khẩu trang ra và tách lớp, nếu lớp lõi ở giữa có một lớp có màu trắng đục tương tự giấy ăn nhưng dai và chắc&nbsp;hơn, thì đó chính là lớp lọc khuẩn Meltblown.&nbsp;</span></span></p><p style=\"box-sizing: border-box; margin: 0px; padding: 5px 0px; font-family: Arial;\"><span style=\"box-sizing: border-box; font-size: 14px;\"><span style=\"box-sizing: border-box; color: black;\">Lớp lọc này vừa kháng lửa (đốt không cháy) và kháng nước (nước không thể thấm qua lớp giấy lọc này được), tuy nhiên không khí vẫn đi qua để bạn có thể thở thoái mái, đó là đặc tính thú vị của lớp vi lọc này và tạo nên chỉ số hiệu quả lọc khuẩn (BFE) chủ yếu của chiếc khẩu trang. Đây chính là lớp giấy vi lọc quan trọng nhất tạo nên công dụng lọc khuẩn của khẩu trang, khẩu trang màu xanh trên thị trường dù cho bao nhiêu lớp đi nữa nếu không có lớp vi lọc Meltblown này thì khẩu trang xanh đó vẫn là khẩu trang lọc bụi, không có tác dụng lọc khuẩn. Vì thế người tiêu dùng cần hiểu rõ để chọn khẩu trang phù hợp cho mình.</span></span></p><p style=\"box-sizing: border-box; margin: 0px; padding: 5px 0px; font-family: Arial;\"><img src=\"https://file.hstatic.net/200000183687/file/hinh-thuc-te-khau-trang-khang-khuan-4-lop-ecom-med_cdc2ef7a1fae4e69a772c6145fd28bad_grande.jpg\" style=\"box-sizing: border-box; border: 0px; vertical-align: middle; max-width: 100%; height: auto; display: block; margin-left: auto; margin-right: auto;\"></p><p style=\"box-sizing: border-box; margin: 0px; padding: 5px 0px; font-family: Arial;\"><img src=\"https://file.hstatic.net/200000183687/file/phan-biet-meltblown-va-giay-ve-sinh_229c0004a48043caa99119278bb6a4a6_grande.jpg\" style=\"box-sizing: border-box; border: 0px; vertical-align: middle; max-width: 100%; height: auto; display: block; margin-left: auto; margin-right: auto;\"></p><p style=\"box-sizing: border-box; margin: 0px; padding: 5px 0px; font-family: Arial;\"><em style=\"box-sizing: border-box;\">Vì lớp Meltblown khá giống với giấy vệ sinh nên lúc sốt giá nguyên liệu, một số cơ sở sản xuất đã lợi dụng thị trường khan hàng, sản xuất khẩu trang y tế giả với lớp lõi là giấy vệ sinh.</em></p><p style=\"box-sizing: border-box; margin: 0px; padding: 5px 0px; font-family: Arial;\">&nbsp;</p><p style=\"box-sizing: border-box; margin: 0px; padding: 5px 0px; font-family: Arial;\"><span style=\"box-sizing: border-box; font-size: 16px;\"><strong style=\"box-sizing: border-box; font-weight: 700;\">Cấu trúc khẩu trang của Ecom Med</strong></span></p><p style=\"box-sizing: border-box; margin: 0px; padding: 5px 0px; font-family: Arial;\"><img src=\"https://file.hstatic.net/200000183687/file/cau-tao-ben-trong-khau-trang-ecommed-2_35e2f4a6adb04e8aa254c78246b24661_grande.jpg\" style=\"box-sizing: border-box; border: 0px; vertical-align: middle; max-width: 100%; height: auto; display: block; margin-left: auto; margin-right: auto;\"><img src=\"https://file.hstatic.net/200000183687/file/cau-tao-ben-trong-khau-trang-4-lop-ecommed-3_3701461ffbec42b2aebceabeb9332264_grande.jpg\" style=\"box-sizing: border-box; border: 0px; vertical-align: middle; max-width: 100%; height: auto; display: block; margin-left: auto; margin-right: auto;\"></p><p style=\"box-sizing: border-box; margin: 0px; padding: 5px 0px; font-family: Arial;\">&nbsp;</p><p style=\"box-sizing: border-box; margin: 0px; padding: 5px 0px; font-family: Arial;\"><span style=\"box-sizing: border-box; font-size: 16px;\"><strong style=\"box-sizing: border-box; font-weight: 700;\">Cách thức đặt hàng:</strong></span></p><p style=\"box-sizing: border-box; margin: 0px; padding: 5px 0px; font-family: Arial;\">Người tiêu dùng có thể mua khẩu trang khuyến mãi trợ giá theo một trong các&nbsp;cách sau:</p><p style=\"box-sizing: border-box; margin: 0px; padding: 5px 0px; font-family: Arial;\">Mua trực tiếp tại: 95B-97-99 Trần Hưng Đạo, Phường Cầu Ông Lãnh, Quận 1, Tp. HCM<br style=\"box-sizing: border-box;\">Đặt hàng tại website https://ecommart.vn/ hoặc bằng cách liên hệ theo Holine 0906756588 nhận hỗ trợ tư vấn đặt hàng 24/24</p><p style=\"box-sizing: border-box; margin: 0px; padding: 5px 0px; font-family: Arial;\">Chương trình trợ giá kéo dài đến 31/12/2020</p><p style=\"box-sizing: border-box; margin: 0px; padding: 5px 0px; font-family: Arial;\">&nbsp;</p><p style=\"box-sizing: border-box; margin: 0px; padding: 5px 0px; font-family: Arial;\"><span style=\"box-sizing: border-box; font-size: 16px;\"><strong style=\"box-sizing: border-box; font-weight: 700;\">Chương trình khuyến mãi trợ giá được sự hưởng ứng của cộng đồng:</strong></span></p><p style=\"box-sizing: border-box; margin: 0px; padding: 5px 0px; font-family: Arial;\">Chị Kiều Ly – Phường Cầu Kho Q1 chia sẻ:</p><p style=\"box-sizing: border-box; margin: 0px; padding: 5px 0px; font-family: Arial;\">“Tôi thực sự rất lo lắng trước tình hình dịch bệnh có dấu hiệu quay lại lần này, với mức giá từ 25.000 – 50.000 cho một hộp khẩu trang có chất lượng thì giá này rất rẻ, tôi nghĩ công ty hỗ trợ một phần giá bán cho bà con ai cũng mua được. Tôi có mua 10 hộp về chia cho gia đình nữa”.</p><p style=\"box-sizing: border-box; margin: 0px; padding: 5px 0px; font-family: Arial;\"><img src=\"https://file.hstatic.net/200000183687/file/z2206847808801_4452b53f3ee80f7be1804aecd0a32d04-1536x1152_158b5ee2a6b940da91d7fe9b45aa91a6_grande.jpg\" style=\"box-sizing: border-box; border: 0px; vertical-align: middle; max-width: 100%; height: auto; display: block; margin-left: auto; margin-right: auto;\"></p><p style=\"box-sizing: border-box; margin: 0px; padding: 5px 0px; font-family: Arial;\"><img src=\"https://file.hstatic.net/200000183687/file/z2206847768753_b679e08c493c341a45fb7d54ac0d70bf-1536x1152_a0d7c90354884cdabfc707ca0e96dfd9_grande.jpg\" style=\"box-sizing: border-box; border: 0px; vertical-align: middle; max-width: 100%; height: auto; display: block; margin-left: auto; margin-right: auto;\"></p><p style=\"box-sizing: border-box; margin: 0px; padding: 5px 0px; font-family: Arial;\"><img src=\"https://file.hstatic.net/200000183687/file/z2206847724045_b55606f00b1ececebe11c65c9dfdf7a8-1536x1152_b599acaa16c040f1b7fa30af8d8866c3_grande.jpg\" style=\"box-sizing: border-box; border: 0px; vertical-align: middle; max-width: 100%; height: auto; display: block; margin-left: auto; margin-right: auto;\"></p><p style=\"box-sizing: border-box; margin: 0px; padding: 5px 0px; font-family: Arial;\">Một số chia sẻ của người mua:</p><p style=\"box-sizing: border-box; margin: 0px; padding: 5px 0px; font-family: Arial;\">Anh Tuấn Khang – P Nguyễn Cư Trinh – Q1 chia sẻ:</p><p style=\"box-sizing: border-box; margin: 0px; padding: 5px 0px; font-family: Arial;\">“Tôi có 2 con đang học tiểu học, gia đình cũng đa lo lắng dịch bệnh, vì thế nên thấy bên Ecom Med có khuyến mãi khẩu trang người lớn và trẻ em, tôi mua cho gia đình dùng, lúc này ai cũng lo lắng dịch bệnh nên cần phải cẩn thận, không thể chủ quan được”.</p><p style=\"box-sizing: border-box; margin: 0px; padding: 5px 0px; font-family: Arial;\"><img src=\"https://file.hstatic.net/200000183687/file/ecommed-tai-ecomnet-2_a21aef7171ff4c8389cbb6dba3645c77_grande.jpg\" style=\"box-sizing: border-box; border: 0px; vertical-align: middle; max-width: 100%; height: auto; display: block; margin-left: auto; margin-right: auto;\"></p><p style=\"box-sizing: border-box; margin: 0px; padding: 5px 0px; font-family: Arial;\"><br style=\"box-sizing: border-box;\"><strong style=\"box-sizing: border-box; font-weight: 700;\">Ông Trần Văn Long – GĐ Ecom Med chia sẻ:</strong></p><table border=\"1\" cellpadding=\"0\" cellspacing=\"0\" style=\"box-sizing: border-box; border-collapse: collapse; border-spacing: 0px; max-width: 100%; background-color: transparent; width: 1170px;\"><tbody style=\"box-sizing: border-box;\"><tr style=\"box-sizing: border-box;\"><td style=\"box-sizing: border-box; padding: 5px; line-height: inherit;\"><em style=\"box-sizing: border-box;\">“Đợt diễn biến Covid này, để tránh trường hợp các nhà buôn giữ hàng để tạo sốt giả, Ecom Med &amp; Du Lịch Việt tiên phong mở bán trợ giá ngay những ngày đầu bùng dịch với các ca dương tính tại Tp. HCM, đây là một chương trình kịp thời và được người tiêu dùng cũng rất ủng hộ, lượng hàng khổng lồ được tiêu thụ trong những ngày qua góp phần chung tay cùng cộng đồng phòng chống sự lây lan của dịch bệnh. Trong vòng 10 ngày triển khai hơn 30 triệu đơn vị sản phẩm được bán, (tương đương 600.000 hộp), con số này minh chứng cho một nỗ lực rất lớn từ phía doanh nghiệp. Đặt biệt con số đặt hàng từ các doanh nghiệp có nhu cầu thực mua cho cán bộ công nhân viên tăng rất cao, từ vài thùng cho đến vài chục thùng (mỗi thùng tương đương 50 hộp). Chúng tôi vẫn đang nhận các đơn đặt hàng trên toàn quốc, cam kết nỗ lực giao hàng kịp thời cho khách hàng. Trên thực tế giá xuất khẩu của chúng tôi đang bán vẫn cao hơn gấp nhiều lần, tuy nhiên hiện tại doanh nghiệp vẫn ưu tiên cho người tiêu dùng trong nước. Vì hơn ai hết lúc này Ecom Med hiểu được không phải vấn đề lợi nhuận mà sức khỏe của tôi, của bạn, của gia đình chúng ta, của cả cộng đồng mới là điều quan trọng nhất!”.</em></td></tr></tbody></table><p style=\"box-sizing: border-box; margin: 0px; padding: 5px 0px; font-family: Arial;\">&nbsp;</p><p style=\"box-sizing: border-box; margin: 0px; padding: 5px 0px; font-family: Arial;\">Xem thêm các đơn vị Báo Chí &amp; Đài Truyền Hình hỗ trợ đua tin lan tỏa chương trình trợ giá tại:<span>&nbsp;</span><a href=\"https://ecommed.vn/vi/bao-chi-truyen-hinh-dua-tin-khuyen-mai-tro-gia-25-000d-hop-50-chiec-khau-trang-chong-covid-thang-12-2020/\" style=\"box-sizing: border-box; color: rgb(51, 51, 51); text-decoration: none; background-color: transparent; transition: all 0.3s linear 0s;\">https://ecommed.vn/vi/bao-chi-truyen-hinh-dua-tin-khuyen-mai-tro-gia-25-000d-hop-50-chiec-khau-trang-chong-covid-thang-12-2020/</a></p><p style=\"box-sizing: border-box; margin: 0px; padding: 5px 0px; font-family: Arial;\">&nbsp;</p><p style=\"box-sizing: border-box; margin: 0px; padding: 5px 0px; font-family: Arial;\"><span style=\"box-sizing: border-box; font-size: 16px;\"><strong style=\"box-sizing: border-box; font-weight: 700;\">Tiêu chuẩn chất lượng sản xuất và các sản phẩm khẩu trang Ecom Med</strong></span></p><p style=\"box-sizing: border-box; margin: 0px; padding: 5px 0px; font-family: Arial;\">Công ty CP Y Tế Ecom Med là nhà sản xuất các thiết bị y tế cá nhân dùng một lần đáp ứng các tiêu chuẩn khắt khe nhất, Các sản phẩm khẩu trang của Ecom Med đã được cấp giấy Lưu hành tự do của Bộ Y Tế, chứng nhận CE cho Tiêu chuẩn Châu Âu, FDA của Hoa Kỳ. Nhà máy Ecom Med có hệ thống chất lượng đạt chứng chỉ ISO 13485: 2016, ứng dụng tiêu chuẩn 5S của Nhật Bản, toàn bộ nhân viên được khử khuẩn trước khi vào khu vực sản xuất, hệ thống máy tự động hạn chế tiếp xúc trực tiếp lên sản phẩm, đảm bảo đáp ứng tiêu chuẩn khắt khe hàng đầu khi xuất khẩu vào các thị trường Canada, Châu Âu, Mỹ, Nhật Bản, Hàn Quốc….</p><p style=\"box-sizing: border-box; margin: 0px; padding: 5px 0px; font-family: Arial;\"><img src=\"https://file.hstatic.net/200000183687/file/pdt_7587-1024x683_30ac1c4a46784403bbc3b0cf4c3a1b39_grande.jpg\" style=\"box-sizing: border-box; border: 0px; vertical-align: middle; max-width: 100%; height: auto; display: block; margin-left: auto; margin-right: auto;\"></p><p style=\"box-sizing: border-box; margin: 0px; padding: 5px 0px; font-family: Arial;\"><img src=\"https://file.hstatic.net/200000183687/file/pdt_7680-1024x683_a472085878f34370b6fc573d7098dc94_grande.jpg\" style=\"box-sizing: border-box; border: 0px; vertical-align: middle; max-width: 100%; height: auto; display: block; margin-left: auto; margin-right: auto;\"></p><p style=\"box-sizing: border-box; margin: 0px; padding: 5px 0px; font-family: Arial;\"><img src=\"https://file.hstatic.net/200000183687/file/pdt_7621-1024x683_171457e56bcf4f14a288b47e4277ef64_grande.jpg\" style=\"box-sizing: border-box; border: 0px; vertical-align: middle; max-width: 100%; height: auto; display: block; margin-left: auto; margin-right: auto;\"></p><p style=\"box-sizing: border-box; margin: 0px; padding: 5px 0px; font-family: Arial;\"><img src=\"https://file.hstatic.net/200000183687/file/pdt_7679-1024x683_39845b9b462c4856b530f415d945cc5a_grande.jpg\" style=\"box-sizing: border-box; border: 0px; vertical-align: middle; max-width: 100%; height: auto; display: block; margin-left: auto; margin-right: auto;\"></p><p style=\"box-sizing: border-box; margin: 0px; padding: 5px 0px; font-family: Arial;\">Ecom Med đồng thời là nhà sản xuất lớp lọc kháng khuẩn Meltblown, cùng với việc đầu tư máy móc, công nghệ cao, hạn chế khâu tiếp xúc của con người trong quá trình làm ra sản phẩm càng ít càng tốt. Ecom Med chủ động được nguyên liệu, đặc biệt là lớp kháng khuẩn quý giá này nên công ty hoàn toàn kiểm soát được kế hoạch sản xuất, giá cả và không bị ảnh hưởng nhiều trước tình hình biến động nguyên liệu đầu vào của thị trường. Vì thế Ecom Med sẽ cố gắng không ngừng nâng cao năng lực sản xuất, mang những sản phẩm chất lượng cao nhất đến với người tiêu dùng, đặc biệt trong giai đoạn dịch bệnh cần thiết như hiện nay.</p><p style=\"box-sizing: border-box; margin: 0px; padding: 5px 0px; font-family: Arial;\"><img src=\"https://file.hstatic.net/200000183687/file/nha-may_2eebbda6d70342df9134d7e7510342d6_grande.jpg\" style=\"box-sizing: border-box; border: 0px; vertical-align: middle; max-width: 100%; height: auto;\"></p><p style=\"box-sizing: border-box; margin: 0px; padding: 5px 0px; font-family: Arial;\">&nbsp;</p><p style=\"box-sizing: border-box; margin: 0px; padding: 5px 0px; font-family: Arial;\">Ecom Med 4 lớp có lớp kháng khuẩn là dòng khẩu trang được người tiêu dùng ưa chuộng hiện nay, ngoài ra còn có các dòng sản phẩm khác như Khẩu trang tinh thể Nano và than hoạt tính dùng cho môi trường độc hại, khẩu trang kháng khuẩn 3 lớp cho mùa hè, khẩu trang Ecom Med Kid’s Mask dành cho trẻ em… Quy cách đóng gói cũng đa dạng phù hợp với mọi nhu cầu: Hộp 50 cái tiết kiệm , Gói 10 cái tiện lợi, và túi đóng riêng từng cái một cao cấp. &nbsp;Các dòng Ecom Med hiện được phân phối rộng rãi khắp ba miền Bắc Trung Nam thông qua hệ thống các chi nhánh đặt tại Tp. Hà nội, Tp. Đà Nẵng, Tp.Hồ Chí Minh.</p><p style=\"box-sizing: border-box; margin: 0px; padding: 5px 0px; font-family: Arial;\"><img src=\"https://file.hstatic.net/200000183687/file/cfs-luu-hanh-tu-do-khau-trang-ecom-med-1583x2048_5cc76faaf51d40f0b54bda70f204f9b1_grande.jpg\" style=\"box-sizing: border-box; border: 0px; vertical-align: middle; max-width: 100%; height: auto;\"></p><p style=\"box-sizing: border-box; margin: 0px; padding: 5px 0px; font-family: Arial;\"><img src=\"https://file.hstatic.net/200000183687/file/chung-nhan-iso-ecom-med-1583x2048_bcb2933d47d644a6bc91f9d630d61ff8_grande.jpg\" style=\"box-sizing: border-box; border: 0px; vertical-align: middle; max-width: 100%; height: auto;\"></p><p style=\"box-sizing: border-box; margin: 0px; padding: 5px 0px; font-family: Arial;\"><img src=\"https://file.hstatic.net/200000183687/file/9-scaled_746075df7b4c47848ba4f675a768c502_grande.jpg\" style=\"box-sizing: border-box; border: 0px; vertical-align: middle; max-width: 100%; height: auto;\"></p><p style=\"box-sizing: border-box; margin: 0px; padding: 5px 0px; font-family: Arial;\"><img src=\"https://file.hstatic.net/200000183687/file/10-1499x2048_7b0c5a08906842bbbe1266ceaaa0ba2b_grande.jpg\" style=\"box-sizing: border-box; border: 0px; vertical-align: middle; max-width: 100%; height: auto;\"></p><p style=\"box-sizing: border-box; margin: 0px; padding: 5px 0px; font-family: Arial;\"><br style=\"box-sizing: border-box;\"><span style=\"box-sizing: border-box; font-size: 16px;\"><strong style=\"box-sizing: border-box; font-weight: 700;\">Đồng hành cùng cộng đồng</strong></span></p><p style=\"box-sizing: border-box; margin: 0px; padding: 5px 0px; font-family: Arial;\">Bên cạnh việc chú trọng vào các hoạt động sản xuất đảm bảo quy trình, tiêu chuẩn nghiêm ngặt, Ecom Med còn hướng tới phương châm “Kết nối nhu cầu vì mục tiêu sức khỏe cộng đồng”, không ngừng song hành cùng các hoạt động xã hội trong suốt quá trình hoạt động và phát triển.</p><p style=\"box-sizing: border-box; margin: 0px; padding: 5px 0px; font-family: Arial;\">Đầu tháng 8 vừa qua, 10.000 chiếc khẩu trang y tế của Ecom Med đã vinh dự được Đại sứ quán Việt Nam tại Hoa Kỳ lựa chọn để trao tặng cho bang Maryland với mong muốn hỗ trợ kiểm soát dịch bệnh. Đồng thời, trong nước, 10.000 khẩu trang y tế cũng đã được Ecom Net chuyển đến các cơ sở Y tế ở Quảng Nam. Tháng 11 vừa qua 55.000 Khẩu trang y tế đã đồng hành cùng các trẻ em khu vực Đà Nẵng trong chương trình: “Góp sức đến trường an toàn sau lũ”. Đồng thời 9.000 Khẩu trang Ecom Med cũng được bán từ thiện trong hội chợ VITM 2020, toàn bộ số tiền thu được dùng để ủng hộ cho Đồng bào lũ lụt Miền Trung.</p><p style=\"box-sizing: border-box; margin: 0px; padding: 5px 0px; font-family: Arial;\">Trong các đợt dịch Covid lần 1 hồi tháng 03-&gt;05/2020 và Đợt dịch lần 2 vào tháng 08-&gt;09/2020. Du Lịch Việt và Ecom Med cũng đã phối hợp tung ra chương trình trợ giá hỗ trợ người tiêu dùng trong nước, hàng chục triệu khẩu trang khuyến mãi trợ giá đã đến tay cộng đồng lan tỏa mạnh mẽ thông điệp vì sức khỏe cộng đồng.</p><p style=\"box-sizing: border-box; margin: 0px; padding: 5px 0px; font-family: Arial;\">Hiện tại đang diễn ra chương trình khuyến mãi trợ giá tháng 12&nbsp;khẩu trang y tế chất lượng chỉ từ 25.000VNĐ/ Hộp 50 Cái đồng hành cùng cộng đồng chống dịch, ngày khi phát hiện các ca lây nhiễm gần đây trên địa bàn Tp.HCM, công ty đã tổ chức bán trợ giá để tránh tình trạng đầu cơ tạo sốt giả thường diễn ra trên thị trường. Tính đến&nbsp;ngày 11/12/2020 hơn 30 triệu chiếc khẩu trang đã đến với người tiêu dùng cùng chung tay phòng chống dịch bệnh.&nbsp;</p><p style=\"box-sizing: border-box; margin: 0px; padding: 5px 0px; font-family: Arial;\">Các hoạt động cộng đồng của công ty đã được được các đơn vị truyền thông uy tín như đài truyền hình VTC, HTV, VTV, FBNC,… và các báo như Người Lao Động, Tuổi Trẻ, Tiền Phong, Dân Trí, Thông Tấn Xã Việt Nam, 24h, Zing, Kênh 14,… đưa tin nhằm lan tỏa những thông điệp tích cực giúp ích cho cộng đồng.</p><p style=\"box-sizing: border-box; margin: 0px; padding: 5px 0px; font-family: Arial;\"><img src=\"https://file.hstatic.net/200000183687/file/pdt_8002-1536x1024_4957a2fc55fe480ab540a1196eb00889_grande.jpg\" style=\"box-sizing: border-box; border: 0px; vertical-align: middle; max-width: 100%; height: auto;\"></p></div>', 'Thạch Hoàng', 'https://firebasestorage.googleapis.com/v0/b/test-8b330.appspot.com/o/imagestintuc%2Fban-khau-trang-y-te-ecom-med.jpg?alt=media&token=fc76a489-d358-49c2-a3af-a6bd52b98b7c', 'ban-khau-trang-y-te-ecom-med.jpg', 'https://www.facebook.com', 'https://www.instagram.com', 'https://twitter.com', '1', '2022-10-27 04:33:45', '2022-10-27 04:32:16'),('3', 'Lễ ký kết hợp tác “Tour Chuyên đề Sức Khỏe” giữa Du Lịch Việt', 'Với sự phát triển của kinh tế và đời sống xã hội, cuộc sống ngày một áp lực, căng thẳng khiến cho số người mắc các bệnh mãn tính ngày càng nhiều,...', '<div class=\"mda-archive\" style=\"box-sizing: border-box; margin: 0px 0px 20px; padding: 0px 0px 15px; border-bottom: 1px solid rgba(0, 0, 0, 0.15); color: rgb(51, 51, 51); font-family: Muli, sans-serif; font-size: 14px; font-style: normal; font-variant-ligatures: normal; font-variant-caps: normal; font-weight: 400; letter-spacing: normal; orphans: 2; text-align: justify; text-indent: 0px; text-transform: none; white-space: normal; widows: 2; word-spacing: 0px; -webkit-text-stroke-width: 0px; background-color: rgb(255, 255, 255); text-decoration-thickness: initial; text-decoration-style: initial; text-decoration-color: initial;\"><div class=\"mda-archive-content\" itemprop=\"description\" style=\"box-sizing: border-box; margin: 0px; padding: 0px; position: relative;\"><p style=\"box-sizing: border-box; margin: 0px; padding: 5px 0px; font-family: Arial;\"><em style=\"box-sizing: border-box;\">Với sự phát triển của kinh tế và đời sống xã hội, cuộc sống ngày một áp lực, căng thẳng khiến cho số người mắc các bệnh mãn tính ngày càng nhiều, đồng thời những người có nhu cầu tìm hiểu về các kiến thức, phương pháp chăm sóc sức khỏe lành mạnh, nhu cầu sống khỏe, sống thọ ngày càng tăng cao. &nbsp;&nbsp;</em></p><p style=\"box-sizing: border-box; margin: 0px; padding: 5px 0px; font-family: Arial;\"><i style=\"box-sizing: border-box;\">Tham khảo chương trình tour&nbsp; tại link :&nbsp;</i><i style=\"box-sizing: border-box;\"><strong style=\"box-sizing: border-box; font-weight: 700;\"><a href=\"https://dulichviet.com.vn/du-lich-trong-nuoc/hanh-trinh-30-ngay-chia-tay-tieu-duong-va-cac-benh-man-tinh\" style=\"box-sizing: border-box; color: rgb(51, 51, 51); text-decoration: none; background-color: transparent; transition: all 0.3s linear 0s;\">Du lịch Bến Tre</a></strong>&nbsp;</i></p><p style=\"box-sizing: border-box; margin: 0px; padding: 5px 0px; font-family: Arial;\"><strong style=\"box-sizing: border-box; font-weight: 700;\"><em style=\"box-sizing: border-box;\">Tham khảo Các trang báo đã đưa tin về sự kiện :<span>&nbsp;</span><a href=\"https://voh.com.vn/du-lich/ra-mat-nhieu-tour-chuyen-de-suc-khoe-danh-cho-nhieu-doi-tuong-384520.html\" style=\"box-sizing: border-box; color: rgb(51, 51, 51); text-decoration: none; background-color: transparent; transition: all 0.3s linear 0s;\">VOH</a><span>&nbsp;</span>,<span>&nbsp;</span><a href=\"https://vtv.vn/video/toan-canh-24h-trua-14-11-2020-470595.htm\" style=\"box-sizing: border-box; color: rgb(51, 51, 51); text-decoration: none; background-color: transparent; transition: all 0.3s linear 0s;\">VTV</a>,&nbsp;<a href=\"https://conglyxahoi.net.vn/doanh-nhan-doanh-nghiep/le-ky-ket-hop-tac-tour-chuyen-de-suc-khoe-giua-du-lich-viet-richs-61779.html\" style=\"box-sizing: border-box; color: rgb(51, 51, 51); text-decoration: none; background-color: transparent; transition: all 0.3s linear 0s;\">conglyxahoi.net.vn</a>&nbsp;,<span>&nbsp;</span><a href=\"http://doanhnhantrevietnam.vn/nhieu-benh-nhan-dai-thao-duong-thuoc-ten-thuoc-hon-ca-bac-si-d2617.html\" style=\"box-sizing: border-box; color: rgb(51, 51, 51); text-decoration: none; background-color: transparent; transition: all 0.3s linear 0s;\">doanhnhantrevietnam.vn</a>,<a href=\"https://youtu.be/JEPt9UWDX64\" style=\"box-sizing: border-box; color: rgb(51, 51, 51); text-decoration: none; background-color: transparent; transition: all 0.3s linear 0s;\"><span>&nbsp;</span>HTV9</a></em></strong></p></div></div><div class=\"the-content desc\" style=\"box-sizing: border-box; margin: 0px 0px 40px; padding: 0px; color: rgb(51, 51, 51); font-family: Muli, sans-serif; font-size: 14px; font-style: normal; font-variant-ligatures: normal; font-variant-caps: normal; font-weight: 400; letter-spacing: normal; orphans: 2; text-align: justify; text-indent: 0px; text-transform: none; white-space: normal; widows: 2; word-spacing: 0px; -webkit-text-stroke-width: 0px; background-color: rgb(255, 255, 255); text-decoration-thickness: initial; text-decoration-style: initial; text-decoration-color: initial;\"><ul style=\"box-sizing: border-box; margin: 0px 0px 0px 10px; padding: 0px 0px 0px 10px; list-style: disc;\"><li style=\"box-sizing: border-box; margin: 0px; padding: 0px;\">Dòng Tour chuyên đề sức khỏe là một sản phẩm mới, đáp ứng nhu cầu vừa du lịch nghỉ dưỡng vừa có thể được tiếp cận với các phương pháp chữa bệnh hiệu quả, được các chuyên gia, bác sĩ của các bệnh viện và trung tâm nghiên cứu hàng đầu trong và ngoài nước chia sẻ, hướng dẫn cho du khách trong suốt hành trình.</li><li style=\"box-sizing: border-box; margin: 0px; padding: 0px;\">Sáng ngày 14/11/2020 (từ 8h30-11h30), tại Khách sạn Kim Đô đã diễn ra buổi lễ ký kết hợp tác giữa Công ty CP Truyền Thông Du Lịch Việt - Nhà tổ chức Tour chuyên nghiệp hàng đầu và Viện Nghiên cứu &amp; Ứng dụng Sức khỏe Bách Niên Trường Thọ (RICHS) - Tổ chức nhiều kinh nghiệm nghiên cứu và ứng dụng các giải pháp mới nhất về khoa học chăm sóc sức khỏe trong và ngoài nước. Thông qua sự kết hợp giữa Du Lịch Việt &amp; Richs mở ra dòng “Tour Chuyên Đề Sức Khỏe” với những hướng đi mới lạ mang đến nhiều giá trị cho khách hàng đặc biệt là các đối tượng đang gặp các vấn đề với các bệnh mãn tính như: tiểu đường, tim mạch, huyết áp, các vấn đề về thận,…</li></ul><p style=\"box-sizing: border-box; margin: 0px; padding: 5px 0px; font-family: Arial;\"><img alt=\"Lễ ký kết hợp tác “Tour Chuyên đề Sức Khỏe” giữa Du Lịch Việt &amp; RICHS\" src=\"https://dulichviet.com.vn/images/bandidau/TIN%20TUC/du-lich-viet-ky-ket-voi-richs.jpg\" style=\"box-sizing: border-box; border: 0px; vertical-align: middle; max-width: 100%; height: 900px; width: 1200px;\"></p><p style=\"box-sizing: border-box; margin: 0px; padding: 5px 0px; font-family: Arial;\">&nbsp;</p><ul style=\"box-sizing: border-box; margin: 0px 0px 0px 10px; padding: 0px 0px 0px 10px; list-style: disc;\"><li style=\"box-sizing: border-box; margin: 0px; padding: 0px;\">Buổi lễ ký kết đã diễn ra thành công tốt đẹp với sự tham dự của các bác sĩ, chuyên gia, gần 200 khách mời cũng như các đơn vị báo đài đến để tham dự và đưa tin về chương trình.</li><li style=\"box-sizing: border-box; margin: 0px; padding: 0px;\">Ông Trần Văn Long – Tổng Giám Đốc Công ty CP Truyền Thông Du Lịch Việt chia sẻ: “Hàng năm những người Việt đi chữa bệnh ở nước ngoài hết hàng tỉ đô, năm 2019, Bộ Chính trị đã có chủ trương phát triển du lịch y tế. Tuy nhiên trên thực tế tại Thành phố Hồ Chí Minh cũng đã diễn ra rất nhiều hội thảo hay tổ chức cả Hội chợ Du lịch Y tế. Đồng thời Sở Y tế cũng triển khai cho nhiều bệnh viện và công ty lữ hành nhưng hầu như chỉ trên lý thuyết, chưa có nhiều hoạt động thực sự tạo lan tỏa đến với cộng đồng. Vì vậy, &nbsp;việc triển khai Tour Chuyên đề Sức khỏe này mong muốn đi vào thực tế, ngoài việc tạo niềm vui đi du lịch, được trị bệnh với tâm lý thoải mái nhất, giúp người bệnh cảm thấy được chia sẻ, tìm được những giá trị, cảm hứng để cố gắng áp dụng các phương pháp điều trị khi có những người bệnh giống mình và cùng kiên trì tích cực điều trị. Không dừng lại ở đó, về lâu dài, chương trình con mong muốn mang lại ý nghĩa lan tỏa nhiều thông điệp tích cực cho cộng đồng: đó là ý thức bảo vệ sức khỏe, quan tâm nhiều hơn đến những chế độ dinh dưỡng cân đối khoa học để phòng bệnh, thói quen rèn luyện sức khỏe về cả thể chất lẫn tinh thần để có một cuộc sống vui, sống khỏe,…”</li><li style=\"box-sizing: border-box; margin: 0px; padding: 0px;\">Bà Nguyễn Hoàng Anh – Viện Trưởng Richs chia sẻ: “Sự phối hợp giữa Richs và Du Lịch Việt hy vọng sẽ mang đến cho không chỉ những người bệnh, mà còn cả những du khách, rất nhiều cơ hội để tham gia các Tour chuyên đề sức khỏe, thông qua đó làm thay đổi thói quen, nhận thức cũng như thay đổi tích cực trong cuộc sống của hàng nghìn người,… Nhân sự kiện ký kết này cũng diễn ra chương trình ưu đãi với mức giá ưu đãi đặc biệt từ 30-50% so với bình thường với những ngày khởi hành gần nhất sẽ diễn ra vào đầu tháng 12/2020”&nbsp;</li><li style=\"box-sizing: border-box; margin: 0px; padding: 0px;\">Trong khuôn khổ của buổi lễ ký kết cũng diễn ra một số hoạt động nhân ngày “Đái tháo đường thế giới 14/11”. Đặc biệt là hội thảo “Chăm sóc tạo sự khác biệt cho bệnh nhân tiểu đường” với các hoạt động như: chia sẻ kiến thức, phương pháp chăm sóc sức khỏe cho bệnh nhân tiểu đường và một số bệnh mãn tính, đo đường huyết và tư vấn chế độ dinh dưỡng phù hợp, thực hành hít thở hiệu quả,… với sự tham gia của các chuyên gia, bác sỹ hàng đầu trong nước và quốc tế như:</li></ul><p style=\"box-sizing: border-box; margin: 0px; padding: 5px 0px; font-family: Arial;\">1.&nbsp;&nbsp; &nbsp;Phó Giáo Sư. Tiến Sĩ. Bác Sĩ Phạm Xuân Đà – Nguyên Viện trưởng Viện Vệ sinh An Toàn Thực phẩm - Bộ Y tế, Cục trưởng Cục công tác phía Nam – Bộ Khoa học &amp; Công nghệ, Giảng viên Trường đại học Y Phạm Ngọc Thạch, Tp Hồ Chí Minh.<br style=\"box-sizing: border-box;\">2.&nbsp;&nbsp; &nbsp;Thạc Sĩ. Bác Sĩ Phạm Phương Phi – Nguyên Giảng viên Đại học Y Dược TPHCM, chuyên gia về thuốc Y khoa, Phó Viện trưởng viện RICHS Việt Nam.<br style=\"box-sizing: border-box;\">3.&nbsp;&nbsp; &nbsp;Ts. Nguyễn Hoàng Anh - Viện Trưởng Viện RICHS, thành viên Liên đoàn đái tháo đường thế giới. &nbsp; &nbsp; &nbsp; &nbsp; &nbsp; &nbsp; &nbsp; &nbsp;&nbsp;<br style=\"box-sizing: border-box;\">4.&nbsp;&nbsp; &nbsp;Chuyên gia Yoga Đặng Thị Lan Hương – Giảng viên 15 năm kinh nghiệm Yoga &amp; thiền<br style=\"box-sizing: border-box;\">5.&nbsp;&nbsp; &nbsp;Chuyên gia Nguyễn Thị Hồng Hà – Healthcoach INN Hoa Kỳ<br style=\"box-sizing: border-box;\">6.&nbsp;&nbsp; &nbsp;Chuyên gia Lý Thụy Như Trúc – chuyên về Yoga trị liệu &amp; chữa lành<br style=\"box-sizing: border-box;\">7.&nbsp;&nbsp; &nbsp;Điều dưỡng viên Nguyễn Thị Hồng Phúc – cựu CB BV Nguyễn Trãi, TPHCM<br style=\"box-sizing: border-box;\">-&nbsp;&nbsp; &nbsp;Khách mời chia sẻ trực tuyến:<br style=\"box-sizing: border-box;\">1.&nbsp;&nbsp; &nbsp;Tiến sĩ Biswaroop Roy Chowdhury - Viện trưởng Viện dinh dưỡng thế giới (Ấn Độ)<br style=\"box-sizing: border-box;\">2.&nbsp;&nbsp; &nbsp;Mr Nigel Kingsley - Nhà sản xuất âm nhạc, ca sỹ, doanh nhân đến từ Thuỵ Sỹ &nbsp; &nbsp;<br style=\"box-sizing: border-box;\">3.&nbsp;&nbsp; &nbsp;Mr Amardip Singh &nbsp;- doanh nhân, chuyên gia chữa lành đến từ Singapore<br style=\"box-sizing: border-box;\">&nbsp; &nbsp; Trong buổi lễ ký kết, hai đơn vị cũng giới thiệu đến với các khách mời một số dòng “Tour chuyên đề sức khỏe” mong muốn đem đến đa dạng sự lựa chọn cho khách hàng với một mức chi phí hợp lý, mang lại những giá trị thiết thực nhất cho cộng đồng:<br style=\"box-sizing: border-box;\">&nbsp; &nbsp;+ Tour “Hành trình 30 ngày chia tay Tiểu đường &amp; Các bệnh mãn tính”: Du khách được tham gia Tour 3 ngày thực tế, được khám bệnh, tư vấn sức khỏe từ các Bác sĩ, chuyên gia hàng đầu, được cảm nhận sự thay đổi tích cực rõ rệt các chỉ số của cơ thể trong thời gian tham gia Tour. Sau đó là liệu trình tư vấn, chăm sóc suốt 27 ngày sau Tour giúp khách hàng thực sự có được sự thay đổi.<br style=\"box-sizing: border-box;\">&nbsp; &nbsp;+ Tour “Detox thanh lọc cơ thể - Lưu giữ Thanh Xuân”: Du khách được chia sẻ, hướng dẫn thực hành các phương pháp Detox do các chuyên gia trong và ngoài nước nghiên cứu và đã được chứng minh hiệu quả. Thông qua đó giúp cơ thể thải được độc tố, trẻ hóa và phục hồi sự cân bằng của cơ thể. &nbsp;&nbsp;<br style=\"box-sizing: border-box;\">&nbsp; &nbsp;+ Tour dành cho người lớn tuổi “Khi Tôi 50”: Hành trình giúp những Quý khách lớn tuổi giữ được sức khỏe bao gồm các hoạt động tập luyện yoga, dinh dưỡng phù hợp giúp cơ thể khỏe mạnh. Ngoài ra còn kết hợp với các phương pháp hít thở, thiền, giúp chữa lành. Từ đó giúp người lớn tuổi có được sự minh mẫn, khỏe mạnh cả về thể chất lẫn tinh thần.<br style=\"box-sizing: border-box;\">Hành trình Tour với các điểm đến đa dạng như: Cần Giờ, Bến Tre, Vũng Tàu, Long Hải, Mũi Né, Bảo Lộc, Đà Lạt,…</p><ul style=\"box-sizing: border-box; margin: 0px 0px 0px 10px; padding: 0px 0px 0px 10px; list-style: disc;\"><li style=\"box-sizing: border-box; margin: 0px; padding: 0px;\">Du khách khi tham gia tour sẽ đạt được lợi ích ngoài việc nghỉ dưỡng, tham quan du lịch giúp tâm lý thoải mái, kết hợp học tập kiến thức về phương pháp chữa bệnh hiệu quả, chương trình còn được thiết kế với chế độ dinh dưỡng đặc biệt có lợi, vận động hợp lý, giúp cho cơ thể phục hồi trạng thái cân bằng, từ đó giúp du khách dần thoát khỏi sự phụ thuộc vào thuốc và cơ thể dần khỏe mạnh từ bên trong.</li><li style=\"box-sizing: border-box; margin: 0px; padding: 0px;\">Với dòng Tour chuyên đề sức khỏe này, Du Lịch Việt &amp; Richs hy vọng sẽ mang đến cơ hội tham quan nghỉ dưởng và cải thiện sức khỏe, thay đổi cuộc sống của hàng nghìn người.</li></ul></div>', 'Sa Ngộ Tĩnh', 'https://firebasestorage.googleapis.com/v0/b/test-8b330.appspot.com/o/imagestintuc%2Fdu-lich-viet-ky-ket-voi-richs.jpg?alt=media&token=88eae9ac-1e49-487d-a030-af3524a38f43', 'du-lich-viet-ky-ket-voi-richs.jpg', 'https://www.facebook.com', 'https://www.instagram.com', 'https://twitter.com', '1', '2022-10-27 04:34:56', '2022-10-27 04:34:56'),('4', 'Thú Vị Bãi Biển Bãi Cháy Trong Chuyến Du Lịch Hạ Long', 'Du lịch Hạ Long luôn là một trong những sự lựa chọn của du khách trong và ngoài nước. Hạ Long thật may mắn khi được thiên nhiên ưu ái dành tặng ...', '<div class=\"mda-archive\" style=\"box-sizing: border-box; margin: 0px 0px 20px; padding: 0px 0px 15px; border-bottom: 1px solid rgba(0, 0, 0, 0.15); color: rgb(51, 51, 51); font-family: Muli, sans-serif; font-size: 14px; font-style: normal; font-variant-ligatures: normal; font-variant-caps: normal; font-weight: 400; letter-spacing: normal; orphans: 2; text-align: justify; text-indent: 0px; text-transform: none; white-space: normal; widows: 2; word-spacing: 0px; -webkit-text-stroke-width: 0px; background-color: rgb(255, 255, 255); text-decoration-thickness: initial; text-decoration-style: initial; text-decoration-color: initial;\"><div class=\"mda-archive-content\" itemprop=\"description\" style=\"box-sizing: border-box; margin: 0px; padding: 0px; position: relative;\"><p style=\"box-sizing: border-box; margin: 0px; padding: 5px 0px; font-family: Arial;\"><span style=\"box-sizing: border-box; color: rgb(0, 0, 0);\"><span style=\"box-sizing: border-box; font-size: 16px;\"><span style=\"box-sizing: border-box; font-family: Arial, Helvetica, sans-serif;\"><span style=\"box-sizing: border-box; line-height: 18.4px;\"><a href=\"https://dulichviet.com.vn/tin-tuc/kinh-nghiem-du-lich-ha-long\" style=\"box-sizing: border-box; color: rgb(51, 51, 51); text-decoration: none; background-color: transparent; transition: all 0.3s linear 0s;\"><b style=\"box-sizing: border-box; font-weight: 700;\">Du lịch Hạ Long</b></a><span>&nbsp;</span>luôn là một trong những sự lựa chọn của du khách trong và ngoài nước. Hạ Long thật may mắn khi được thiên nhiên ưu ái dành tặng cho nhiều khung cảnh đẹp. Một trong những bãi tắm nhận được sự tán dương nhiều nhất từ du khách là bãi tắm Bãi Cháy. Vậy địa điểm vui chơi này có gì thú vị làm cho nhiều du khách yêu thích đến thế? Chúng tôi mời bạn cùng theo dõi bài viết dưới đây để cập nhật thêm thông tin về địa điểm du lịch này nhé.</span></span></span></span></p></div></div><div class=\"the-content desc\" style=\"box-sizing: border-box; margin: 0px 0px 40px; padding: 0px; color: rgb(51, 51, 51); font-family: Muli, sans-serif; font-size: 14px; font-style: normal; font-variant-ligatures: normal; font-variant-caps: normal; font-weight: 400; letter-spacing: normal; orphans: 2; text-align: justify; text-indent: 0px; text-transform: none; white-space: normal; widows: 2; word-spacing: 0px; -webkit-text-stroke-width: 0px; background-color: rgb(255, 255, 255); text-decoration-thickness: initial; text-decoration-style: initial; text-decoration-color: initial;\"><p style=\"box-sizing: border-box; margin: 0in 0in 10pt; padding: 5px 0px; font-family: Arial;\">&nbsp;</p><h2 style=\"box-sizing: border-box; font-family: inherit; font-weight: 700; line-height: 40px; margin: 10pt 0in 0.0001pt; font-size: 30px; padding: 0px; color: inherit;\"><span style=\"box-sizing: border-box; color: rgb(41, 128, 185);\"><span style=\"box-sizing: border-box; font-size: 24px;\"><strong style=\"box-sizing: border-box; font-weight: 700;\"><span style=\"box-sizing: border-box; font-family: Arial, Helvetica, sans-serif;\"><span style=\"box-sizing: border-box; line-height: 27.6px;\">Những địa điểm tham quan thu hút khách du lịch khi đi Bãi Cháy</span></span></strong></span></span></h2><h3 style=\"box-sizing: border-box; font-family: inherit; font-weight: 700; line-height: 34px; margin: 10pt 0in 0.0001pt; font-size: 24px; padding: 0px; color: inherit;\"><span style=\"box-sizing: border-box; color: rgb(41, 128, 185);\"><span style=\"box-sizing: border-box; font-size: 20px;\"><strong style=\"box-sizing: border-box; font-weight: 700;\"><span style=\"box-sizing: border-box; font-family: Arial, Helvetica, sans-serif;\"><span style=\"box-sizing: border-box; line-height: 23px;\">Bờ Biển Bãi Cháy</span></span></strong></span></span></h3><p style=\"box-sizing: border-box; margin: 0in 0in 10pt; padding: 5px 0px; font-family: Arial;\"><span style=\"box-sizing: border-box; color: rgb(0, 0, 0);\"><span style=\"box-sizing: border-box; font-size: 16px;\"><span style=\"box-sizing: border-box; font-family: Arial, Helvetica, sans-serif;\"><span style=\"box-sizing: border-box; line-height: 18.4px;\">Bãi Cháy có vị trí thuận lợi nằm ngay sát ven Vịnh Hạ Long nên hầu như du khách nào đến đây cũng có thể ghé qua bãi biển này. Bờ biển Bãi Cháy là nhân tạo nhưng vẻ đẹp thiên nhiên mà nó sở hữu không khác gì những bãi tắm tự nhiên hoang sơ còn chưa được khai phá.</span></span></span></span></p><p style=\"box-sizing: border-box; margin: 0in 0in 10pt; padding: 5px 0px; font-family: Arial;\"><span style=\"box-sizing: border-box; color: rgb(0, 0, 0);\"><span style=\"box-sizing: border-box; font-size: 16px;\"><span style=\"box-sizing: border-box; font-family: Arial, Helvetica, sans-serif;\"><span style=\"box-sizing: border-box; line-height: 18.4px;\">Mặc dù là bãi biển nhân tạo nhưng đường bờ biển trải dài hơn 1000m với chiều rộng 100m. Nước biển trong xanh cùng bãi cát trắng mịn chính là điều làm nên sức hút hấp dẫn của bãi tắm này.</span></span></span></span></p><p style=\"box-sizing: border-box; margin: 0in 0in 10pt; padding: 5px 0px; font-family: Arial;\"><span style=\"box-sizing: border-box; color: rgb(0, 0, 0);\"><span style=\"box-sizing: border-box; font-size: 16px;\"><span style=\"box-sizing: border-box; font-family: Arial, Helvetica, sans-serif;\"><span style=\"box-sizing: border-box; line-height: 18.4px;\">Một trong những điểm nhấn đặc biệt của bãi biển là hàng thông xanh mướt chạy dọc bờ. Được đi dạo trên bãi biển và cảm nhận làn gió mang dự vị mặn mà, hít thở không khí trong lành nơi đây chắc chắn sẽ làm bạn cảm thấy dễ chịu hơn rất nhiều.</span></span></span></span></p><p style=\"box-sizing: border-box; margin: 0in 0in 10pt; padding: 5px 0px; font-family: Arial;\"><span style=\"box-sizing: border-box; color: rgb(0, 0, 0);\"><span style=\"box-sizing: border-box; font-size: 16px;\"><span style=\"box-sizing: border-box; font-family: Arial, Helvetica, sans-serif;\"><span style=\"box-sizing: border-box; line-height: 18.4px;\">&nbsp;Du khách đến với biển Bãi Cháy còn được nghe chính người dân bản địa nơi đây kể về những truyền thuyết cũng như lịch sử về anh hùng chống giặc ngoại xâm. Chắc chắn đến với biển Bãi Cháy trong chuyến<span>&nbsp;</span><a href=\"https://dulichviet.com.vn/du-lich-ha-long\" style=\"box-sizing: border-box; color: rgb(51, 51, 51); text-decoration: none; background-color: transparent; transition: all 0.3s linear 0s;\"><b style=\"box-sizing: border-box; font-weight: 700;\">du lịch Hạ Long</b></a><span>&nbsp;</span>sẽ để lại trong bạn nhiều kỷ niệm.</span></span></span></span></p><p align=\"center\" style=\"box-sizing: border-box; margin: 0in 0in 10pt; padding: 5px 0px; font-family: Arial;\"><span style=\"box-sizing: border-box; color: rgb(0, 0, 0);\"><span style=\"box-sizing: border-box; font-size: 16px;\"><span style=\"box-sizing: border-box; font-family: Arial, Helvetica, sans-serif;\"><img alt=\"Thú Vị Bãi Biển Bãi Cháy Trong Chuyến Du Lịch Hạ Long\" src=\"https://dulichviet.com.vn/images/bandidau/bai-bien-bai-chay.jpg\" style=\"box-sizing: border-box; border: 0px; vertical-align: middle; max-width: 100%; height: 426px; width: 640px;\"></span></span></span></p><p align=\"center\" style=\"box-sizing: border-box; margin: 0in 0in 10pt; padding: 5px 0px; font-family: Arial;\"><span style=\"box-sizing: border-box; color: rgb(0, 0, 0);\"><span style=\"box-sizing: border-box; font-size: 16px;\"><span style=\"box-sizing: border-box; font-family: Arial, Helvetica, sans-serif;\"><span style=\"box-sizing: border-box; line-height: 18.4px;\"><i style=\"box-sizing: border-box;\">Du khách rất thích cảm giác nằm thư giãn trên bờ biển Bãi Cháy</i></span></span></span></span></p><h3 style=\"box-sizing: border-box; font-family: inherit; font-weight: 700; line-height: 34px; margin: 10pt 0in 0.0001pt; font-size: 24px; padding: 0px; color: inherit;\"><span style=\"box-sizing: border-box; color: rgb(41, 128, 185);\"><span style=\"box-sizing: border-box; font-size: 20px;\"><strong style=\"box-sizing: border-box; font-weight: 700;\"><span style=\"box-sizing: border-box; font-family: Arial, Helvetica, sans-serif;\"><span style=\"box-sizing: border-box; line-height: 23px;\">Cầu Bãi Cháy</span></span></strong></span></span></h3><p style=\"box-sizing: border-box; margin: 0in 0in 10pt; padding: 5px 0px; font-family: Arial;\"><span style=\"box-sizing: border-box; color: rgb(0, 0, 0);\"><span style=\"box-sizing: border-box; font-size: 16px;\"><span style=\"box-sizing: border-box; font-family: Arial, Helvetica, sans-serif;\"><span style=\"box-sizing: border-box; line-height: 18.4px;\">Đến với bãi biển Bãi Cháy trong chuyến<span>&nbsp;</span><a href=\"https://dulichviet.com.vn/du-lich-ha-long\" style=\"box-sizing: border-box; color: rgb(51, 51, 51); text-decoration: none; background-color: transparent; transition: all 0.3s linear 0s;\"><b style=\"box-sizing: border-box; font-weight: 700;\">du lịch Hạ Long</b></a><span>&nbsp;</span>này, chắc chắn địa điểm mà bạn không thể bỏ qua đó là cầu Bãi Cháy. Cây cầu được xây dựng với tổng chiều dài là 1106m nằm ngay tại quốc lộ 18. Cầu Bãi Cháy là nơi kết nối Bãi Cháy với Hòn Gai thông qua cửa sông Cửa Lục. Hiện tại, nói đến cây cầu Bãi Cháy, người dân Việt nam đều nhận định nó chính là biểu tượng của Tỉnh Quảng Ninh.</span></span></span></span></p><p align=\"center\" style=\"box-sizing: border-box; margin: 0in 0in 10pt; padding: 5px 0px; font-family: Arial;\"><span style=\"box-sizing: border-box; color: rgb(0, 0, 0);\"><span style=\"box-sizing: border-box; font-size: 16px;\"><span style=\"box-sizing: border-box; font-family: Arial, Helvetica, sans-serif;\"><img alt=\"Thú Vị Bãi Biển Bãi Cháy Trong Chuyến Du Lịch Hạ Long\" src=\"https://dulichviet.com.vn/images/bandidau/bai-bien-bai-chay-1.jpg\" style=\"box-sizing: border-box; border: 0px; vertical-align: middle; max-width: 100%; height: 358px; width: 640px;\"></span></span></span></p><p align=\"center\" style=\"box-sizing: border-box; margin: 0in 0in 10pt; padding: 5px 0px; font-family: Arial;\"><span style=\"box-sizing: border-box; color: rgb(0, 0, 0);\"><span style=\"box-sizing: border-box; font-size: 16px;\"><span style=\"box-sizing: border-box; font-family: Arial, Helvetica, sans-serif;\"><span style=\"box-sizing: border-box; line-height: 18.4px;\"><i style=\"box-sizing: border-box;\">Cây cầu về đêm với những ánh đèn điện lấp lánh đẹp lãng mạn</i></span></span></span></span></p><h3 style=\"box-sizing: border-box; font-family: inherit; font-weight: 700; line-height: 34px; margin: 10pt 0in 0.0001pt; font-size: 24px; padding: 0px; color: inherit;\"><span style=\"box-sizing: border-box; color: rgb(41, 128, 185);\"><span style=\"box-sizing: border-box; font-size: 20px;\"><strong style=\"box-sizing: border-box; font-weight: 700;\"><span style=\"box-sizing: border-box; font-family: Arial, Helvetica, sans-serif;\"><span style=\"box-sizing: border-box; line-height: 23px;\">Chợ đêm</span></span></strong></span></span></h3><p style=\"box-sizing: border-box; margin: 0in 0in 10pt; padding: 5px 0px; font-family: Arial;\"><span style=\"box-sizing: border-box; color: rgb(0, 0, 0);\"><span style=\"box-sizing: border-box; font-size: 16px;\"><span style=\"box-sizing: border-box; font-family: Arial, Helvetica, sans-serif;\"><span style=\"box-sizing: border-box; line-height: 18.4px;\">Du khách đã đến nghỉ dưỡng tại biển Bãi Cháy thì nên ở lại qua đêm để trải nghiệm hết những nét độc đáo tại đây. Địa điểm vui nhộn và sầm uất nhất của biển Bãi Cháy đó là chợ đêm. Khu chợ này hoạt động về đêm, bày bán nhiều món ăn đặc sản, hải sản và những món quà lưu niệm độc đáo. Du khách đến với chợ đêm vừa được thưởng thức những món ăn ngon, vừa mua được những món quà độc đáo.</span></span></span></span></p><p align=\"center\" style=\"box-sizing: border-box; margin: 0in 0in 10pt; padding: 5px 0px; font-family: Arial;\"><span style=\"box-sizing: border-box; color: rgb(0, 0, 0);\"><span style=\"box-sizing: border-box; font-size: 16px;\"><span style=\"box-sizing: border-box; font-family: Arial, Helvetica, sans-serif;\"><img alt=\"Thú Vị Bãi Biển Bãi Cháy Trong Chuyến Du Lịch Hạ Long\" src=\"https://dulichviet.com.vn/images/bandidau/bai-bien-bai-chay-2.png\" style=\"box-sizing: border-box; border: 0px; vertical-align: middle; max-width: 100%; height: 408px; width: 640px;\"></span></span></span></p><p align=\"center\" style=\"box-sizing: border-box; margin: 0in 0in 10pt; padding: 5px 0px; font-family: Arial;\"><span style=\"box-sizing: border-box; color: rgb(0, 0, 0);\"><span style=\"box-sizing: border-box; font-size: 16px;\"><span style=\"box-sizing: border-box; font-family: Arial, Helvetica, sans-serif;\"><span style=\"box-sizing: border-box; line-height: 18.4px;\"><i style=\"box-sizing: border-box;\">Đồ lưu niệm ở chợ đêm Hạ Long được làm thủ công với những kiểu dáng độc đáo</i></span></span></span></span></p><h2 style=\"box-sizing: border-box; font-family: inherit; font-weight: 700; line-height: 40px; margin: 10pt 0in 0.0001pt; font-size: 30px; padding: 0px; color: inherit;\"><span style=\"box-sizing: border-box; color: rgb(41, 128, 185);\"><span style=\"box-sizing: border-box; font-size: 24px;\"><strong style=\"box-sizing: border-box; font-weight: 700;\"><span style=\"box-sizing: border-box; font-family: Arial, Helvetica, sans-serif;\"><span style=\"box-sizing: border-box; line-height: 27.6px;\">Những món ăn nổi tiếng ngon tuyệt vời ở biển Bãi Cháy</span></span></strong></span></span></h2><h3 style=\"box-sizing: border-box; font-family: inherit; font-weight: 700; line-height: 34px; margin: 10pt 0in 0.0001pt; font-size: 24px; padding: 0px; color: inherit;\"><span style=\"box-sizing: border-box; color: rgb(41, 128, 185);\"><span style=\"box-sizing: border-box; font-size: 20px;\"><strong style=\"box-sizing: border-box; font-weight: 700;\"><span style=\"box-sizing: border-box; font-family: Arial, Helvetica, sans-serif;\"><span style=\"box-sizing: border-box; line-height: 23px;\">Siêu thị ốc bà Kim Quy</span></span></strong></span></span></h3><p style=\"box-sizing: border-box; margin: 0in 0in 10pt; padding: 5px 0px; font-family: Arial;\"><span style=\"box-sizing: border-box; color: rgb(0, 0, 0);\"><span style=\"box-sizing: border-box; font-size: 16px;\"><span style=\"box-sizing: border-box; font-family: Arial, Helvetica, sans-serif;\"><span style=\"box-sizing: border-box; line-height: 18.4px;\">Nói đến những địa điểm kinh doanh thực phẩm ngon tại biển Bãi Cháy thì Siêu thị ốc bà Kim Quy sẽ là sự lựa chọn hoàn hảo. Mặc dù là siêu thị ốc nhưng đến với nơi đây, du khách sẽ có thể lựa chọn hàng chục món ăn khác nhau từ cá nước mặn và nước ngọt.</span></span></span></span></p><p style=\"box-sizing: border-box; margin: 0in 0in 10pt; padding: 5px 0px; font-family: Arial;\"><span style=\"box-sizing: border-box; color: rgb(0, 0, 0);\"><span style=\"box-sizing: border-box; font-size: 16px;\"><span style=\"box-sizing: border-box; font-family: Arial, Helvetica, sans-serif;\"><span style=\"box-sizing: border-box; line-height: 18.4px;\">Tại quán, những món ăn được chế biến từ hải sản tươi sống nên đảm bảo độ ngon, vị ngọt dai và không có mùi tanh. Thái độ phục vụ của nhân viên rất chu đáo, luôn hỗ trợ thực khách trong mọi tình huống.</span></span></span></span></p><h3 style=\"box-sizing: border-box; font-family: inherit; font-weight: 700; line-height: 34px; margin: 10pt 0in 0.0001pt; font-size: 24px; padding: 0px; color: inherit;\"><span style=\"box-sizing: border-box; color: rgb(41, 128, 185);\"><span style=\"box-sizing: border-box; font-size: 20px;\"><strong style=\"box-sizing: border-box; font-weight: 700;\"><span style=\"box-sizing: border-box; font-family: Arial, Helvetica, sans-serif;\"><span style=\"box-sizing: border-box; line-height: 23px;\">Nhà hàng Thủy Chung</span></span></strong></span></span></h3><p style=\"box-sizing: border-box; margin: 0in 0in 10pt; padding: 5px 0px; font-family: Arial;\"><span style=\"box-sizing: border-box; color: rgb(0, 0, 0);\"><span style=\"box-sizing: border-box; font-size: 16px;\"><span style=\"box-sizing: border-box; font-family: Arial, Helvetica, sans-serif;\"><span style=\"box-sizing: border-box; line-height: 18.4px;\">Nơi đây nổi tiếng với những món hải sản tươi sống được chế biến theo phong cách riêng của đầu bếp tay nghề cao. Điểm làm nên sức hấp dẫn của những món ăn tại nhà hàng đó là nước chấm được pha chuẩn bị, tăng sự hoàn hảo cho từng món ăn.</span></span></span></span></p><p align=\"center\" style=\"box-sizing: border-box; margin: 0in 0in 10pt; padding: 5px 0px; font-family: Arial;\"><span style=\"box-sizing: border-box; color: rgb(0, 0, 0);\"><span style=\"box-sizing: border-box; font-size: 16px;\"><span style=\"box-sizing: border-box; font-family: Arial, Helvetica, sans-serif;\"><img alt=\"Thú Vị Bãi Biển Bãi Cháy Trong Chuyến Du Lịch Hạ Long\" src=\"https://dulichviet.com.vn/images/bandidau/bai-bien-bai-chay-3.jpg\" style=\"box-sizing: border-box; border: 0px; vertical-align: middle; max-width: 100%; height: 366px; width: 640px;\"></span></span></span></p><p align=\"center\" style=\"box-sizing: border-box; margin: 0in 0in 10pt; padding: 5px 0px; font-family: Arial;\"><span style=\"box-sizing: border-box; color: rgb(0, 0, 0);\"><span style=\"box-sizing: border-box; font-size: 16px;\"><span style=\"box-sizing: border-box; font-family: Arial, Helvetica, sans-serif;\"><span style=\"box-sizing: border-box; line-height: 18.4px;\"><i style=\"box-sizing: border-box;\">Sam biển món đặc sản tại nhà hàng Thủy Chung</i></span></span></span></span></p><p style=\"box-sizing: border-box; margin: 0in 0in 10pt; padding: 5px 0px; font-family: Arial;\"><span style=\"box-sizing: border-box; color: rgb(0, 0, 0);\"><span style=\"box-sizing: border-box; font-size: 16px;\"><span style=\"box-sizing: border-box; font-family: Arial, Helvetica, sans-serif;\"><span style=\"box-sizing: border-box; line-height: 18.4px;\">Tại nhà hàng còn có món chả mực giã tay được làm rất cầu kỳ, công phu và nêm gia vị vừa ăn. Hương vị món chả mực tại nhà hàng mang đậm chất riêng không thể nhầm lẫn vào bất cứ đâu</span></span></span></span></p><p align=\"center\" style=\"box-sizing: border-box; margin: 0in 0in 10pt; padding: 5px 0px; font-family: Arial;\"><span style=\"box-sizing: border-box; color: rgb(0, 0, 0);\"><span style=\"box-sizing: border-box; font-size: 16px;\"><span style=\"box-sizing: border-box; font-family: Arial, Helvetica, sans-serif;\"><span style=\"box-sizing: border-box; line-height: 18.4px;\">.</span><img alt=\"Thú Vị Bãi Biển Bãi Cháy Trong Chuyến Du Lịch Hạ Long\" src=\"https://dulichviet.com.vn/images/bandidau/bai-bien-bai-chay-4.jpg\" style=\"box-sizing: border-box; border: 0px; vertical-align: middle; max-width: 100%; height: 541px; width: 640px;\"></span></span></span></p><p align=\"center\" style=\"box-sizing: border-box; margin: 0in 0in 10pt; padding: 5px 0px; font-family: Arial;\"><span style=\"box-sizing: border-box; color: rgb(0, 0, 0);\"><span style=\"box-sizing: border-box; font-size: 16px;\"><span style=\"box-sizing: border-box; font-family: Arial, Helvetica, sans-serif;\"><span style=\"box-sizing: border-box; line-height: 18.4px;\"><i style=\"box-sizing: border-box;\">Ốc xào là món đặc sản trong nhà hàng Thủy Chung</i></span></span></span></span></p><h2 style=\"box-sizing: border-box; font-family: inherit; font-weight: 700; line-height: 40px; margin: 10pt 0in 0.0001pt; font-size: 30px; padding: 0px; color: inherit;\"><span style=\"box-sizing: border-box; color: rgb(41, 128, 185);\"><span style=\"box-sizing: border-box; font-size: 24px;\"><strong style=\"box-sizing: border-box; font-weight: 700;\"><span style=\"box-sizing: border-box; font-family: Arial, Helvetica, sans-serif;\"><span style=\"box-sizing: border-box; line-height: 27.6px;\">Nên đi vào thời gian nào là thích hợp nhất?</span></span></strong></span></span></h2><p style=\"box-sizing: border-box; margin: 0in 0in 10pt; padding: 5px 0px; font-family: Arial;\"><span style=\"box-sizing: border-box; color: rgb(0, 0, 0);\"><span style=\"box-sizing: border-box; font-size: 16px;\"><span style=\"box-sizing: border-box; font-family: Arial, Helvetica, sans-serif;\"><span style=\"box-sizing: border-box; line-height: 18.4px;\">Bãi biển nhân tạo Bãi Cháy có khung cảnh thiên nhiên tươi đẹp, thoáng đãng. Tuy nhiên không phải mọi thời điểm trong năm bãi biển đều hiền hòa và xinh đẹp như thế. Khoảng thời gian thích hợp nhất để đến vui chơi, trải nghiệm tại bãi biển Bãi Cháy đó là tháng 6, 7, 8. Lúc này mặt nước biển trong vắt soi được cả màu trời trong xanh. Thời tiết không quá nóng và nắng cũng không quá gắt. Biển không động mạnh cũng là lý do thích hợp để du khách ghé đến tham quan, nghỉ dưỡng mà không lo lắng về độ an toàn.</span></span></span></span></p><p align=\"center\" style=\"box-sizing: border-box; margin: 0in 0in 10pt; padding: 5px 0px; font-family: Arial;\"><span style=\"box-sizing: border-box; color: rgb(0, 0, 0);\"><span style=\"box-sizing: border-box; font-size: 16px;\"><span style=\"box-sizing: border-box; font-family: Arial, Helvetica, sans-serif;\"><img alt=\"Thú Vị Bãi Biển Bãi Cháy Trong Chuyến Du Lịch Hạ Long\" src=\"https://dulichviet.com.vn/images/bandidau/bai-bien-ha-long-4.jpg\" style=\"box-sizing: border-box; border: 0px; vertical-align: middle; max-width: 100%; height: 346px; width: 640px;\"></span></span></span></p><p align=\"center\" style=\"box-sizing: border-box; margin: 0in 0in 10pt; padding: 5px 0px; font-family: Arial;\"><span style=\"box-sizing: border-box; color: rgb(0, 0, 0);\"><span style=\"box-sizing: border-box; font-size: 16px;\"><span style=\"box-sizing: border-box; font-family: Arial, Helvetica, sans-serif;\"><span style=\"box-sizing: border-box; line-height: 18.4px;\"><i style=\"box-sizing: border-box;\">Mùa hè là thời điểm thích hợp nhất để đến<span>&nbsp;</span><a href=\"https://dulichviet.com.vn/tin-tuc/kinh-nghiem-du-lich-ha-long\" style=\"box-sizing: border-box; color: rgb(51, 51, 51); text-decoration: none; background-color: transparent; transition: all 0.3s linear 0s;\"><b style=\"box-sizing: border-box; font-weight: 700;\">du lịch Hạ Long</b></a><span>&nbsp;</span>– biển Bãi Cháy</i></span></span></span></span></p><h2 style=\"box-sizing: border-box; font-family: inherit; font-weight: 700; line-height: 40px; margin: 10pt 0in 0.0001pt; font-size: 30px; padding: 0px; color: inherit;\"><span style=\"box-sizing: border-box; font-size: 24px;\"><span style=\"box-sizing: border-box; color: rgb(41, 128, 185);\"><strong style=\"box-sizing: border-box; font-weight: 700;\"><span style=\"box-sizing: border-box; font-family: Arial, Helvetica, sans-serif;\"><span style=\"box-sizing: border-box; line-height: 27.6px;\">Phương tiện đi đến Bãi Cháy như nào?</span></span></strong></span></span></h2><p style=\"box-sizing: border-box; margin: 0in 0in 10pt; padding: 5px 0px; font-family: Arial;\"><span style=\"box-sizing: border-box; color: rgb(0, 0, 0);\"><span style=\"box-sizing: border-box; font-size: 16px;\"><span style=\"box-sizing: border-box; font-family: Arial, Helvetica, sans-serif;\"><span style=\"box-sizing: border-box; line-height: 18.4px;\">Bãi cháy thuộc địa phận Hạ Long nằm cách trung tâm Hà Nội khoảng 150km. Vì thế, bạn có thể lựa chọn những phương tiện di chuyển khác nhau như: Xe taxi, tàu hỏa, xe khách, ô tô cá nhân…</span></span></span></span></p><p style=\"box-sizing: border-box; margin: 0in 0in 10pt; padding: 5px 0px; font-family: Arial;\"><span style=\"box-sizing: border-box; color: rgb(0, 0, 0);\"><span style=\"box-sizing: border-box; font-size: 16px;\"><span style=\"box-sizing: border-box; font-family: Arial, Helvetica, sans-serif;\"><span style=\"box-sizing: border-box; line-height: 18.4px;\">Trên đây là những thông tin chúng tôi muốn chia sẻ đến bạn về bãi biển Bãi Cháy. Bạn có thể lưu lại thông tin này để sắp xếp chuyến<span>&nbsp;</span><a href=\"https://dulichviet.com.vn/du-lich-ha-long\" style=\"box-sizing: border-box; color: rgb(51, 51, 51); text-decoration: none; background-color: transparent; transition: all 0.3s linear 0s;\"><b style=\"box-sizing: border-box; font-weight: 700;\">du lịch Hạ Long</b></a><span>&nbsp;</span>ý nghĩa, vui vẻ nhất.</span></span></span></span></p></div>', 'Tôn Ngộ Không', 'https://firebasestorage.googleapis.com/v0/b/test-8b330.appspot.com/o/imagestintuc%2Fbai-bien-bai-chay.jpg?alt=media&token=d0d00958-2dd6-47bb-a1f5-a40bd0eb925b', 'bai-bien-bai-chay.jpg', 'https://www.facebook.com', 'https://www.instagram.com', 'https://twitter.com', '1', '2022-10-27 04:35:06', '2022-10-27 04:35:06'),('5', 'Tất tần tật kinh nghiệm du lịch bãi biển Hà My dành cho bạn', 'Khi du lịch Quảng Nam, người ta chỉ nghĩ đến phố cổ Hội An hay biển An Bàng. Thế nhưng ít ai biết cách phố Hội chỉ 7 km có một bãi biển hoang ...', '<div class=\"mda-archive\" style=\"box-sizing: border-box; margin: 0px 0px 20px; padding: 0px 0px 15px; border-bottom: 1px solid rgba(0, 0, 0, 0.15); color: rgb(51, 51, 51); font-family: Muli, sans-serif; font-size: 14px; font-style: normal; font-variant-ligatures: normal; font-variant-caps: normal; font-weight: 400; letter-spacing: normal; orphans: 2; text-align: justify; text-indent: 0px; text-transform: none; white-space: normal; widows: 2; word-spacing: 0px; -webkit-text-stroke-width: 0px; background-color: rgb(255, 255, 255); text-decoration-thickness: initial; text-decoration-style: initial; text-decoration-color: initial;\"><div class=\"mda-archive-content\" itemprop=\"description\" style=\"box-sizing: border-box; margin: 0px; padding: 0px; position: relative;\"><p style=\"box-sizing: border-box; margin: 0px; padding: 5px 0px; font-family: Arial;\"><span style=\"box-sizing: border-box; color: rgb(0, 0, 0);\"><span style=\"box-sizing: border-box; font-size: 16px;\"><span style=\"box-sizing: border-box; font-family: Arial, Helvetica, sans-serif;\"><span style=\"box-sizing: border-box; line-height: 24px;\">Khi<span>&nbsp;</span><b style=\"box-sizing: border-box; font-weight: 700;\">du lịch Quảng Nam</b>, người ta chỉ nghĩ đến phố cổ Hội An hay biển An Bàng. Thế nhưng ít ai biết cách phố Hội chỉ 7 km có một bãi biển hoang sơ siêu quyến rũ, đẹp y như tên gọi của nó: bãi biển Hà My. Đây là bãi biển đẹp lọt top những bãi biển đẹp nhất thế giới. Cùng khám phá bãi biển tuyệt đẹp này trong bài viết sau nhé.</span></span></span></span></p></div></div><div class=\"the-content desc\" style=\"box-sizing: border-box; margin: 0px 0px 40px; padding: 0px; color: rgb(51, 51, 51); font-family: Muli, sans-serif; font-size: 14px; font-style: normal; font-variant-ligatures: normal; font-variant-caps: normal; font-weight: 400; letter-spacing: normal; orphans: 2; text-align: justify; text-indent: 0px; text-transform: none; white-space: normal; widows: 2; word-spacing: 0px; -webkit-text-stroke-width: 0px; background-color: rgb(255, 255, 255); text-decoration-thickness: initial; text-decoration-style: initial; text-decoration-color: initial;\"><h2 style=\"box-sizing: border-box; font-family: inherit; font-weight: 700; line-height: 40px; margin: 0in 0in 10pt; font-size: 30px; padding: 0px; color: inherit;\"><span style=\"box-sizing: border-box; color: rgb(41, 128, 185);\"><span style=\"box-sizing: border-box; font-size: 24px;\"><strong style=\"box-sizing: border-box; font-weight: 700;\"><span style=\"box-sizing: border-box; font-family: Arial, Helvetica, sans-serif;\"><span style=\"box-sizing: border-box; line-height: 27.6px;\">Vị trí đẹp là điểm cộng đầu tiên của biển Hà My Hội An</span></span></strong></span></span></h2><p style=\"box-sizing: border-box; margin: 0in 0in 10pt; padding: 5px 0px; font-family: Arial;\"><span style=\"box-sizing: border-box; color: rgb(0, 0, 0);\"><span style=\"box-sizing: border-box; font-size: 16px;\"><span style=\"box-sizing: border-box; font-family: Arial, Helvetica, sans-serif;\"><span style=\"box-sizing: border-box; line-height: 24px;\">Có lẽ, nhiều người cũng sẽ thật bất ngờ bởi chưa từng nghe đến cái tên biển Hà My bao giờ. Thực ra, Hội An ngoài An Bàng, Cửa Đại còn có rất nhiều những bãi tắm hoang sơ mà chúng ta đã vô tình không để ý. Giữa vô vàn những cái tên ấy, Hà My hiện lên như một nốt nhạc trầm ấm mà bạn nên check in một lần để biến thêm nhiều điều mới mẻ.</span></span></span></span></p><p align=\"center\" style=\"box-sizing: border-box; margin: 0in 0in 10pt; padding: 5px 0px; font-family: Arial;\"><span style=\"box-sizing: border-box; color: rgb(0, 0, 0);\"><span style=\"box-sizing: border-box; font-size: 16px;\"><span style=\"box-sizing: border-box; font-family: Arial, Helvetica, sans-serif;\"><img alt=\"Tất tần tật kinh nghiệm du lịch bãi biển Hà My dành cho bạn\" src=\"https://dulichviet.com.vn/images/bandidau/bai-bien-ha-my.jpg\" style=\"box-sizing: border-box; border: 0px; vertical-align: middle; max-width: 100%; height: 520px; width: 640px;\"></span></span></span></p><p align=\"center\" style=\"box-sizing: border-box; margin: 0in 0in 10pt; padding: 5px 0px; font-family: Arial;\"><span style=\"box-sizing: border-box; color: rgb(0, 0, 0);\"><span style=\"box-sizing: border-box; font-size: 16px;\"><span style=\"box-sizing: border-box; font-family: Arial, Helvetica, sans-serif;\"><span style=\"box-sizing: border-box; line-height: 24px;\"><i style=\"box-sizing: border-box;\">Vẻ đẹp nên thơ của biển Hà My</i></span></span></span></span></p><p style=\"box-sizing: border-box; margin: 0in 0in 10pt; padding: 5px 0px; font-family: Arial;\"><span style=\"box-sizing: border-box; color: rgb(0, 0, 0);\"><span style=\"box-sizing: border-box; font-size: 16px;\"><span style=\"box-sizing: border-box; font-family: Arial, Helvetica, sans-serif;\"><span style=\"box-sizing: border-box; line-height: 24px;\">Sở hữu một vị trí thuận lợi, nằm ngay tuyến đường ven biển nối liền Đà Nẵng và Hội An (Quảng Nam),&nbsp;biển Hà My&nbsp;có một tiềm năng du lịch rất lớn. Từ chân núi Ngũ Hành Sơn (Đà Nẵng), chỉ cần di chuyển về hướng Nam 6km là đã tới biển Hà My. Nơi này hội tụ đầy đủ những nét đẹp của một bãi biển Miền Trung, bờ cát trắng, nước trong vắt một màu xanh quyến rũ. Bạn có thể vui chơi 1 ngày ở Hội An, đến chiều lại di chuyển về Hà My để tắm biển là một gợi ý rất hay.</span></span></span></span></p><h2 style=\"box-sizing: border-box; font-family: inherit; font-weight: 700; line-height: 40px; margin: 10pt 0in 0.0001pt; font-size: 30px; padding: 0px; color: inherit;\"><span style=\"box-sizing: border-box; color: rgb(41, 128, 185);\"><span style=\"box-sizing: border-box; font-size: 24px;\"><strong style=\"box-sizing: border-box; font-weight: 700;\"><span style=\"box-sizing: border-box; font-family: Arial, Helvetica, sans-serif;\"><span style=\"box-sizing: border-box; line-height: 27.6px;\">Biển Hà My – nơi có cảnh đẹp nao lòng</span></span></strong></span></span></h2><p style=\"box-sizing: border-box; margin: 0in 0in 10pt; padding: 5px 0px; font-family: Arial;\"><span style=\"box-sizing: border-box; color: rgb(0, 0, 0);\"><span style=\"box-sizing: border-box; font-size: 16px;\"><span style=\"box-sizing: border-box; font-family: Arial, Helvetica, sans-serif;\"><span style=\"box-sizing: border-box; line-height: 24px;\">Trái ngược với sự nhộn nhịp của biển An Bàng, biển Hà My tràn ngập sự yên bình, tĩnh lặng. Đến đây, bạn chỉ muốn nằm ườn dưới những tan dừa mát rượi để cảm nhận gió biển đập vào mặt thích thú đến tê tái. Không hề đông đúc như những bãi biển khác, Hà My mang trong mình vẻ đẹp dịu dàng, yên bình và đầy thư thái. Đến với Hà My là đến với khung cảnh hoang sơ, ít người, là nơi để ngắm cảnh, để thả hồn vào những đợt gió biển mặn mà.</span></span></span></span></p><h2 style=\"box-sizing: border-box; font-family: inherit; font-weight: 700; line-height: 40px; margin: 10pt 0in 0.0001pt; font-size: 30px; padding: 0px; color: inherit;\"><span style=\"box-sizing: border-box; color: rgb(41, 128, 185);\"><span style=\"box-sizing: border-box; font-size: 24px;\"><strong style=\"box-sizing: border-box; font-weight: 700;\"><span style=\"box-sizing: border-box; font-family: Arial, Helvetica, sans-serif;\"><span style=\"box-sizing: border-box; line-height: 27.6px;\">Du lịch biển Hà My Hội An lưu trú ở đâu?</span></span></strong></span></span></h2><p style=\"box-sizing: border-box; margin: 0in 0in 10pt; padding: 5px 0px; font-family: Arial;\"><span style=\"box-sizing: border-box; color: rgb(0, 0, 0);\"><span style=\"box-sizing: border-box; font-size: 16px;\"><span style=\"box-sizing: border-box; font-family: Arial, Helvetica, sans-serif;\"><span style=\"box-sizing: border-box; line-height: 24px;\">Đừng nghĩ rằng một bãi biển còn lắm hoang sơ ấy lại chỉ có biển và bầu trời. Những dịch vụ ở đây luôn sẵn sàng để bạn có một chuyến du hí cuối tuần vui vẻ cùng gia đình, bạn bè.</span></span></span></span></p><p align=\"center\" style=\"box-sizing: border-box; margin: 0in 0in 10pt; padding: 5px 0px; font-family: Arial;\"><span style=\"box-sizing: border-box; color: rgb(0, 0, 0);\"><span style=\"box-sizing: border-box; font-size: 16px;\"><span style=\"box-sizing: border-box; font-family: Arial, Helvetica, sans-serif;\"><img alt=\"Tất tần tật kinh nghiệm du lịch bãi biển Hà My dành cho bạn\" src=\"https://dulichviet.com.vn/images/bandidau/bai-bien-ha-my-1.jpg\" style=\"box-sizing: border-box; border: 0px; vertical-align: middle; max-width: 100%; height: 388px; width: 640px;\"></span></span></span></p><p align=\"center\" style=\"box-sizing: border-box; margin: 0in 0in 10pt; padding: 5px 0px; font-family: Arial;\"><span style=\"box-sizing: border-box; color: rgb(0, 0, 0);\"><span style=\"box-sizing: border-box; font-size: 16px;\"><span style=\"box-sizing: border-box; font-family: Arial, Helvetica, sans-serif;\"><span style=\"box-sizing: border-box; line-height: 24px;\"><i style=\"box-sizing: border-box;\">Những dịch vụ nằm trên bãi biển</i></span></span></span></span></p><p style=\"box-sizing: border-box; margin: 0in 0in 10pt; padding: 5px 0px; font-family: Arial;\"><span style=\"box-sizing: border-box; color: rgb(0, 0, 0);\"><span style=\"box-sizing: border-box; font-size: 16px;\"><span style=\"box-sizing: border-box; font-family: Arial, Helvetica, sans-serif;\"><span style=\"box-sizing: border-box; line-height: 24px;\">Gần Hà My có nhiều điểm nghỉ dưỡng lý tưởng, từ bình dân đến sang chảnh kiểu gì cũng có. Nếu bạn đã cảm thấy hơi “ngấy” biển Đà Nẵng, có thể lên một kế hoạch để lưu trú tại các resort hoặc các homestay ở đây.&nbsp;The Four Seasons The Nam Hai Resort&nbsp;là resot cao cấp nằm ngay trên khối Hà My Đông B, P. Điện Dương, thị xã Điện Bàn, Hội An. Nơi này hội tụ đủ các loại hình như hồ bơi, khu vui chơi dành cho trẻ em, phòng hội nghị, ẩm thực.</span></span></span></span></p><p align=\"center\" style=\"box-sizing: border-box; margin: 0in 0in 10pt; padding: 5px 0px; font-family: Arial;\"><span style=\"box-sizing: border-box; color: rgb(0, 0, 0);\"><span style=\"box-sizing: border-box; font-size: 16px;\"><span style=\"box-sizing: border-box; font-family: Arial, Helvetica, sans-serif;\"><img alt=\"Tất tần tật kinh nghiệm du lịch bãi biển Hà My dành cho bạn\" src=\"https://dulichviet.com.vn/images/bandidau/bai-bien-ha-my-2.jpg\" style=\"box-sizing: border-box; border: 0px; vertical-align: middle; max-width: 100%; height: 427px; width: 640px;\"></span></span></span></p><p align=\"center\" style=\"box-sizing: border-box; margin: 0in 0in 10pt; padding: 5px 0px; font-family: Arial;\"><span style=\"box-sizing: border-box; color: rgb(0, 0, 0);\"><span style=\"box-sizing: border-box; font-size: 16px;\"><span style=\"box-sizing: border-box; font-family: Arial, Helvetica, sans-serif;\"><span style=\"box-sizing: border-box; line-height: 24px;\"><i style=\"box-sizing: border-box;\">Những tàu chài của ngư dân đậu trên bãi biển</i></span></span></span></span></p><p style=\"box-sizing: border-box; margin: 0in 0in 10pt; padding: 5px 0px; font-family: Arial;\"><span style=\"box-sizing: border-box; color: rgb(0, 0, 0);\"><span style=\"box-sizing: border-box; font-size: 16px;\"><span style=\"box-sizing: border-box; font-family: Arial, Helvetica, sans-serif;\"><span style=\"box-sizing: border-box; line-height: 24px;\">Bên cạnh đó, bạn có thể lựa chọn thêm một phương án khác là thuê khách sạn ở Đà Nẵng hoặc Hội An. Sau đó, đến Hà My bằng cách đón taxi hoặc đi xe bus, xong rồi quay trở lại khách sạn khi trời đã chập tối.</span></span></span></span></p><h2 style=\"box-sizing: border-box; font-family: inherit; font-weight: 700; line-height: 40px; margin: 10pt 0in 0.0001pt; font-size: 30px; padding: 0px; color: inherit;\"><span style=\"box-sizing: border-box; color: rgb(41, 128, 185);\"><span style=\"box-sizing: border-box; font-size: 24px;\"><strong style=\"box-sizing: border-box; font-weight: 700;\"><span style=\"box-sizing: border-box; font-family: Arial, Helvetica, sans-serif;\"><span style=\"box-sizing: border-box; line-height: 27.6px;\">Ăn uống ngập mặt tại biển Hà My</span></span></strong></span></span></h2><p style=\"box-sizing: border-box; margin: 0in 0in 10pt; padding: 5px 0px; font-family: Arial;\"><span style=\"box-sizing: border-box; color: rgb(0, 0, 0);\"><span style=\"box-sizing: border-box; font-size: 16px;\"><span style=\"box-sizing: border-box; font-family: Arial, Helvetica, sans-serif;\"><span style=\"box-sizing: border-box; line-height: 24px;\">Nếu như biển ở Đà Nẵng không có riêng khu vực ăn hải sản mà phải đi vào thành phố hoặc là những quán ăn gần đó thì ở biển Hà My, bạn có thể ăn uống no say ngay khi vừa tắm lên. Cứ vào mỗi cuối tuần, người dân Hội An cũng như các địa phương lân cận đều đổ về Hà My để tắm biển, vừa tụ tập ăn uống nhậu nhẹt.</span></span></span></span></p><p style=\"box-sizing: border-box; margin: 0in 0in 10pt; padding: 5px 0px; font-family: Arial;\"><span style=\"box-sizing: border-box; color: rgb(0, 0, 0);\"><span style=\"box-sizing: border-box; font-size: 16px;\"><span style=\"box-sizing: border-box; font-family: Arial, Helvetica, sans-serif;\"><span style=\"box-sizing: border-box; line-height: 24px;\">Nằm gần khu vực đánh bắt hải sản vào buổi sáng nên&nbsp;<b style=\"box-sizing: border-box; font-weight: 700;\">biển Hà My</b>&nbsp;khi nào cũng có tôm, cá tươi ngon, giá cả lại cực rẻ nữa. Nào là tôm, mực, cá, chíp chíp, ghẹ,… đủ các loại. Đồ ăn lại được chế biến theo sở thích của khách du lịch, ngon nhất vẫn là món ghẹ rang me, cá đuối nướng, cháo nghêu, chíp chíp hấp sả, mực trứng hấp ăn kèm mắm gừng,… Thực đơn được chế biến ngay tại chỗ, chỉ trong những căn chòi lụp xụp mà lại đầy hấp dẫn, có lẽ chính sự dân dã ấy đã làm nên cái thú mà chỉ những vùng quên miền biển như Hà My mới có.</span></span></span></span></p><p align=\"center\" style=\"box-sizing: border-box; margin: 0in 0in 10pt; padding: 5px 0px; font-family: Arial;\"><span style=\"box-sizing: border-box; color: rgb(0, 0, 0);\"><span style=\"box-sizing: border-box; font-size: 16px;\"><span style=\"box-sizing: border-box; font-family: Arial, Helvetica, sans-serif;\"><img alt=\"Tất tần tật kinh nghiệm du lịch bãi biển Hà My dành cho bạn\" src=\"https://dulichviet.com.vn/images/bandidau/bai-bien-ha-my-3.jpg\" style=\"box-sizing: border-box; border: 0px; vertical-align: middle; max-width: 100%; height: 635px; width: 640px;\"></span></span></span></p><p align=\"center\" style=\"box-sizing: border-box; margin: 0in 0in 10pt; padding: 5px 0px; font-family: Arial;\"><span style=\"box-sizing: border-box; color: rgb(0, 0, 0);\"><span style=\"box-sizing: border-box; font-size: 16px;\"><span style=\"box-sizing: border-box; font-family: Arial, Helvetica, sans-serif;\"><span style=\"box-sizing: border-box; line-height: 24px;\"><i style=\"box-sizing: border-box;\">Hà My nổi tiếng với thực đơn hải sản ngon, rẻ</i></span></span></span></span></p><p style=\"box-sizing: border-box; margin: 0in 0in 10pt; padding: 5px 0px; font-family: Arial;\"><span style=\"box-sizing: border-box; color: rgb(0, 0, 0);\"><span style=\"box-sizing: border-box; font-size: 16px;\"><span style=\"box-sizing: border-box; font-family: Arial, Helvetica, sans-serif;\"><span style=\"box-sizing: border-box; line-height: 24px;\">Nằm gần ngay bãi biển Hà My là bãi tắm&nbsp;Thống Nhất, một địa chỉ dường như đã rất quen thuộc của người dân Hội An, Quảng Nam. Nếu như có một chuyến&nbsp;du lịch Hội An&nbsp;nhiều ngày, bạn có thể sắp xếp để tìm đến cả hai bãi tắm này để giải nhiệt. Lưu ý, nếu muốn chụp ảnh ngắm cảnh thì bạn nên đi vào buổi sáng, còn buổi chiều ở đây rất khó để mà chụp ảnh, vì có rất đông người đến đây để ăn uống, tắm biển.</span></span></span></span></p><p style=\"box-sizing: border-box; margin: 0in 0in 10pt; padding: 5px 0px; font-family: Arial;\"><span style=\"box-sizing: border-box; color: rgb(0, 0, 0);\"><span style=\"box-sizing: border-box; font-size: 16px;\"><span style=\"box-sizing: border-box; font-family: Arial, Helvetica, sans-serif;\"><span style=\"box-sizing: border-box; line-height: 24px;\">Biển Hà My Hội An, một điểm sáng của du lịch Hội An, rất lý tưởng cho những buổi chiều nóng như đổ lửa, ra đây mà tắm biển cho thỏa thích rồi ăn hải sản đến no căng mà chỉ tốn vài trăm ngàn quả thực không còn gì mong đợi hơn. Sau những ngày làm việc mệt mỏi, hãy tự thưởng cho mình một ngày bung xõa bên Hà My, bạn nhé!</span></span></span></span></p></div>', 'Đường Tam', 'https://firebasestorage.googleapis.com/v0/b/test-8b330.appspot.com/o/imagestintuc%2Fbai-bien-ha-my.jpg?alt=media&token=19aa665b-ca59-43ba-ba35-64751a5d3b56', 'bai-bien-ha-my.jpg', 'https://www.facebook.com', 'https://www.instagram.com', 'https://twitter.com', '1', '2022-10-27 04:37:34', '2022-10-27 04:37:34'),('6', 'Top 7 Bãi Biển Hạ Long Tuyệt Đẹp “Đốn Tim” Du Khách', 'Những bãi biển Hạ Long luôn mê hoặc khách tham quan bởi vẻ đẹp lãng mạn, nguyên sơ đầy lôi cuốn. Trong bài viết này chúng tôi sẽ dành riêng ...', '<div class=\"mda-archive\" style=\"box-sizing: border-box; margin: 0px 0px 20px; padding: 0px 0px 15px; border-bottom: 1px solid rgba(0, 0, 0, 0.15); color: rgb(51, 51, 51); font-family: Muli, sans-serif; font-size: 14px; font-style: normal; font-variant-ligatures: normal; font-variant-caps: normal; font-weight: 400; letter-spacing: normal; orphans: 2; text-align: justify; text-indent: 0px; text-transform: none; white-space: normal; widows: 2; word-spacing: 0px; -webkit-text-stroke-width: 0px; background-color: rgb(255, 255, 255); text-decoration-thickness: initial; text-decoration-style: initial; text-decoration-color: initial;\"><div class=\"mda-archive-content\" itemprop=\"description\" style=\"box-sizing: border-box; margin: 0px; padding: 0px; position: relative;\"><p style=\"box-sizing: border-box; margin: 0px; padding: 5px 0px; font-family: Arial;\"><span style=\"box-sizing: border-box; color: rgb(0, 0, 0);\"><span style=\"box-sizing: border-box; font-size: 16px;\"><span style=\"box-sizing: border-box; font-family: Arial, Helvetica, sans-serif;\"><span style=\"box-sizing: border-box; line-height: 18.4px;\">Vịnh Hạ Long được ví là kiệt tác mà tạo hóa đã ban tặng cho người dân Việt Nam chúng ta. Trong cẩm nang du lịch của mỗi người, Hạ Long luôn là điểm đến hấp dẫn và để lại nhiều kỷ niệm đẹp, những trải nghiệm khám phá tuyệt vời.</span></span></span></span></p></div></div><div class=\"the-content desc\" style=\"box-sizing: border-box; margin: 0px 0px 40px; padding: 0px; color: rgb(51, 51, 51); font-family: Muli, sans-serif; font-size: 14px; font-style: normal; font-variant-ligatures: normal; font-variant-caps: normal; font-weight: 400; letter-spacing: normal; orphans: 2; text-align: justify; text-indent: 0px; text-transform: none; white-space: normal; widows: 2; word-spacing: 0px; -webkit-text-stroke-width: 0px; background-color: rgb(255, 255, 255); text-decoration-thickness: initial; text-decoration-style: initial; text-decoration-color: initial;\"><p style=\"box-sizing: border-box; margin: 0in 0in 10pt; padding: 5px 0px; font-family: Arial;\"><span style=\"box-sizing: border-box; color: rgb(0, 0, 0);\"><span style=\"box-sizing: border-box; font-size: 16px;\"><span style=\"box-sizing: border-box; font-family: Arial, Helvetica, sans-serif;\"><span style=\"box-sizing: border-box; line-height: 18.4px;\">Những bãi biển Hạ Long luôn mê hoặc khách tham quan bởi vẻ đẹp lãng mạn, nguyên sơ đầy lôi cuốn. Trong bài viết này chúng tôi sẽ dành riêng để cùng bạn tìm hiểu về top 7<span>&nbsp;</span><b style=\"box-sizing: border-box; font-weight: 700;\">bãi biển Hạ Long<span>&nbsp;</span></b>đẹp nhất. Nếu đây cũng là chủ đề du lịch bạn đang quan tâm đặc biệt, đừng vội bỏ qua nội dung thông tin thú vị dưới đây nhé.</span></span></span></span></p><h2 style=\"box-sizing: border-box; font-family: inherit; font-weight: 700; line-height: 40px; margin: 10pt 0in 0.0001pt; font-size: 30px; padding: 0px; color: inherit;\"><span style=\"box-sizing: border-box; color: rgb(41, 128, 185);\"><span style=\"box-sizing: border-box; font-size: 24px;\"><strong style=\"box-sizing: border-box; font-weight: 700;\"><span style=\"box-sizing: border-box; font-family: Arial, Helvetica, sans-serif;\"><span style=\"box-sizing: border-box; line-height: 27.6px;\">1. Bãi tắm Tuần Châu&nbsp;</span></span></strong></span></span></h2><p align=\"center\" style=\"box-sizing: border-box; margin: 0in 0in 10pt; padding: 5px 0px; font-family: Arial;\"><span style=\"box-sizing: border-box; color: rgb(0, 0, 0);\"><span style=\"box-sizing: border-box; font-size: 16px;\"><span style=\"box-sizing: border-box; font-family: Arial, Helvetica, sans-serif;\"><img alt=\"Top 7 Bãi Biển Hạ Long Tuyệt Đẹp “Đốn Tim” Du Khách\" src=\"https://dulichviet.com.vn/images/bandidau/bai-bien-ha-long.jpg\" style=\"box-sizing: border-box; border: 0px; vertical-align: middle; max-width: 100%; height: 346px; width: 640px;\"></span></span></span></p><p align=\"center\" style=\"box-sizing: border-box; margin: 0in 0in 10pt; padding: 5px 0px; font-family: Arial;\"><span style=\"box-sizing: border-box; color: rgb(0, 0, 0);\"><span style=\"box-sizing: border-box; font-size: 16px;\"><span style=\"box-sizing: border-box; font-family: Arial, Helvetica, sans-serif;\"><span style=\"box-sizing: border-box; line-height: 18.4px;\"><i style=\"box-sizing: border-box;\">Bãi tắm Tuần Châu là một địa điểm tham quan hấp dẫn tại Vịnh Hạ Long mà du khách nào cũng muốn ghé đến</i></span></span></span></span></p><p style=\"box-sizing: border-box; margin: 0in 0in 10pt; padding: 5px 0px; font-family: Arial;\"><span style=\"box-sizing: border-box; color: rgb(0, 0, 0);\"><span style=\"box-sizing: border-box; font-size: 16px;\"><span style=\"box-sizing: border-box; font-family: Arial, Helvetica, sans-serif;\"><span style=\"box-sizing: border-box; line-height: 18.4px;\">Nói đến<span>&nbsp;</span><a href=\"https://dulichviet.com.vn/du-lich-ha-long\" style=\"box-sizing: border-box; color: rgb(51, 51, 51); text-decoration: none; background-color: transparent; transition: all 0.3s linear 0s;\"><strong style=\"box-sizing: border-box; font-weight: 700;\">du lịch&nbsp;Hạ Long</strong></a><span>&nbsp;</span>thì không thể nào kể thiếu bãi tắm Tuần Châu. Mặc dù đây chỉ là bãi tắm nhân tạo trên hòn đảo Tuần Châu nhỏ bé. Khung cảnh thiên nhiên nơi đây lại mang vẻ đẹp hoang sơ và gần gũi giống như những bãi tắm tự nhiên.</span></span></span></span></p><p style=\"box-sizing: border-box; margin: 0in 0in 10pt; padding: 5px 0px; font-family: Arial;\"><span style=\"box-sizing: border-box; color: rgb(0, 0, 0);\"><span style=\"box-sizing: border-box; font-size: 16px;\"><span style=\"box-sizing: border-box; font-family: Arial, Helvetica, sans-serif;\"><span style=\"box-sizing: border-box; line-height: 18.4px;\">Bãi biển trải dài 2km&nbsp; với làn nước trong xanh, bãi cát trắng chạy dài tít tắp. Những đợt sóng biển nhẹ nhàng cứ nối đuôi nhau xô bờ kết hợp cùng tiếng gió ngaoif khơi thổi vào tạo ra những âm thanh sống động nhất.</span></span></span></span></p><h2 style=\"box-sizing: border-box; font-family: inherit; font-weight: 700; line-height: 40px; margin: 10pt 0in 0.0001pt; font-size: 30px; padding: 0px; color: inherit;\"><span style=\"box-sizing: border-box; color: rgb(41, 128, 185);\"><span style=\"box-sizing: border-box; font-size: 24px;\"><strong style=\"box-sizing: border-box; font-weight: 700;\"><span style=\"box-sizing: border-box; font-family: Arial, Helvetica, sans-serif;\"><span style=\"box-sizing: border-box; line-height: 27.6px;\">&nbsp;2. Bãi tắm Ti Tốp</span></span></strong></span></span></h2><p align=\"center\" style=\"box-sizing: border-box; margin: 0in 0in 10pt; padding: 5px 0px; font-family: Arial;\"><span style=\"box-sizing: border-box; color: rgb(0, 0, 0);\"><span style=\"box-sizing: border-box; font-size: 16px;\"><span style=\"box-sizing: border-box; font-family: Arial, Helvetica, sans-serif;\"><img alt=\"Top 7 Bãi Biển Hạ Long Tuyệt Đẹp “Đốn Tim” Du Khách\" src=\"https://dulichviet.com.vn/images/bandidau/bai-bien-ha-long-1.jpg\" style=\"box-sizing: border-box; border: 0px; vertical-align: middle; max-width: 100%; height: 357px; width: 640px;\"></span></span></span></p><p align=\"center\" style=\"box-sizing: border-box; margin: 0in 0in 10pt; padding: 5px 0px; font-family: Arial;\"><span style=\"box-sizing: border-box; color: rgb(0, 0, 0);\"><span style=\"box-sizing: border-box; font-size: 16px;\"><span style=\"box-sizing: border-box; font-family: Arial, Helvetica, sans-serif;\"><span style=\"box-sizing: border-box; line-height: 18.4px;\"><i style=\"box-sizing: border-box;\">Bài tắm nhân tạo Ti Tốp nhận được rất nhiều đánh giá, nhận xét tích cực từ các du khách</i></span></span></span></span></p><p style=\"box-sizing: border-box; margin: 0in 0in 10pt; padding: 5px 0px; font-family: Arial;\"><span style=\"box-sizing: border-box; color: rgb(0, 0, 0);\"><span style=\"box-sizing: border-box; font-size: 16px;\"><span style=\"box-sizing: border-box; font-family: Arial, Helvetica, sans-serif;\"><span style=\"box-sizing: border-box; line-height: 18.4px;\">Đây là một bãi tắm nằm trên hòn đảo Ti Tốp – Lột trong những bãi biển đẹp khi<span>&nbsp;</span><strong style=\"box-sizing: border-box; font-weight: 700;\"><a href=\"https://dulichviet.com.vn/du-lich-ha-long\" style=\"box-sizing: border-box; color: rgb(51, 51, 51); text-decoration: none; background-color: transparent; transition: all 0.3s linear 0s;\">du lịch Hạ Long</a>,</strong>&nbsp;đẹp&nbsp;đến nao lòng. Bãi biển Ti Tốp cách Bãi Cháy khoảng 14km và nhìn từ trên cao, bãi tắm có hình dạng giống với mặt trăng lưỡi liềm đang ôm trọn lấy hòn đảo.</span></span></span></span></p><p style=\"box-sizing: border-box; margin: 0in 0in 10pt; padding: 5px 0px; font-family: Arial;\"><span style=\"box-sizing: border-box; color: rgb(0, 0, 0);\"><span style=\"box-sizing: border-box; font-size: 16px;\"><span style=\"box-sizing: border-box; font-family: Arial, Helvetica, sans-serif;\"><span style=\"box-sizing: border-box; line-height: 18.4px;\">Điều làm du khách đặc biệt thích thú khi đến đây đó là bầu không khí trong lành, thoáng đãng cùng những làn gió biển mát rượi nhè nhẹ thổi vào bờ. Mặt nước biển tại đây trong vắt đến mức bạn có thể ngắm nhìn tầng nước bên dưới, những rạn san hô tuyệt đẹp đủ màu sắc. Bãi biển rất thích hợp để làm nơi nghỉ ngơi, thư giãn tạm lánh xa phố thị ồn ào, náo nhiệt.</span></span></span></span></p><h2 style=\"box-sizing: border-box; font-family: inherit; font-weight: 700; line-height: 40px; margin: 10pt 0in 0.0001pt; font-size: 30px; padding: 0px; color: inherit;\"><span style=\"box-sizing: border-box; color: rgb(41, 128, 185);\"><span style=\"box-sizing: border-box; font-size: 24px;\"><strong style=\"box-sizing: border-box; font-weight: 700;\"><span style=\"box-sizing: border-box; font-family: Arial, Helvetica, sans-serif;\"><span style=\"box-sizing: border-box; line-height: 27.6px;\">&nbsp;3.&nbsp;Bãi tắm Ngọc Vừng&nbsp;</span></span></strong></span></span></h2><p align=\"center\" style=\"box-sizing: border-box; margin: 0in 0in 10pt; padding: 5px 0px; font-family: Arial;\"><span style=\"box-sizing: border-box; color: rgb(0, 0, 0);\"><span style=\"box-sizing: border-box; font-size: 16px;\"><span style=\"box-sizing: border-box; font-family: Arial, Helvetica, sans-serif;\"><img alt=\"Top 7 Bãi Biển Hạ Long Tuyệt Đẹp “Đốn Tim” Du Khách\" src=\"https://dulichviet.com.vn/images/bandidau/bai-bien-ha-long-2.jpg\" style=\"box-sizing: border-box; border: 0px; vertical-align: middle; max-width: 100%; height: 342px; width: 640px;\"></span></span></span></p><p align=\"center\" style=\"box-sizing: border-box; margin: 0in 0in 10pt; padding: 5px 0px; font-family: Arial;\"><span style=\"box-sizing: border-box; color: rgb(0, 0, 0);\"><span style=\"box-sizing: border-box; font-size: 16px;\"><span style=\"box-sizing: border-box; font-family: Arial, Helvetica, sans-serif;\"><span style=\"box-sizing: border-box; line-height: 18.4px;\"><i style=\"box-sizing: border-box;\">Bãi tắm Ngọc Vừng mang vẻ đẹp hoang sơ giống như chốn bồng lai tiên cảnh</i></span></span></span></span></p><p style=\"box-sizing: border-box; margin: 0in 0in 10pt; padding: 5px 0px; font-family: Arial;\"><span style=\"box-sizing: border-box; color: rgb(0, 0, 0);\"><span style=\"box-sizing: border-box; font-size: 16px;\"><span style=\"box-sizing: border-box; font-family: Arial, Helvetica, sans-serif;\"><span style=\"box-sizing: border-box; line-height: 18.4px;\"><a href=\"https://dulichviet.com.vn/du-lich-ha-long\" style=\"box-sizing: border-box; color: rgb(51, 51, 51); text-decoration: none; background-color: transparent; transition: all 0.3s linear 0s;\"><strong style=\"box-sizing: border-box; font-weight: 700;\">Du lịch Hạ Long</strong></a>, bạn đừng quên ghé qua bãi tắm Ngọc Vừng nhé. Nơi đây là bãi tắm lý tưởng cho những du khách yêu thích bãi tắm rộng mênh mông nằm cách xa bờ mà chưa bị nhiều yếu tố du lịch tác động. Nơi đây mang dáng vẻ của một bãi biển thơ mộng, hoang sơ và yên bình như trong những câu chuyện cổ tích. Đặc biệt du khách đến với bãi biển này còn có thể chiêm ngưỡng vẻ đẹp lao động đầy yên bình của những ngư dân làng chài.</span></span></span></span></p><h2 style=\"box-sizing: border-box; font-family: inherit; font-weight: 700; line-height: 40px; margin: 10pt 0in 0.0001pt; font-size: 30px; padding: 0px; color: inherit;\"><span style=\"box-sizing: border-box; color: rgb(41, 128, 185);\"><span style=\"box-sizing: border-box; font-size: 24px;\"><strong style=\"box-sizing: border-box; font-weight: 700;\"><span style=\"box-sizing: border-box; font-family: Arial, Helvetica, sans-serif;\"><span style=\"box-sizing: border-box; line-height: 27.6px;\">&nbsp;4.&nbsp;Bãi tắm Quan Lạn</span></span></strong></span></span></h2><p style=\"box-sizing: border-box; margin: 0in 0in 10pt; padding: 5px 0px; font-family: Arial;\"><span style=\"box-sizing: border-box; color: rgb(0, 0, 0);\"><span style=\"box-sizing: border-box; font-size: 16px;\"><span style=\"box-sizing: border-box; font-family: Arial, Helvetica, sans-serif;\"><span style=\"box-sizing: border-box; line-height: 18.4px;\">Đây là bãi tắm sạch nằm ở đảo Quan Lạn thuộc vịnh Bái Tử Long, cách thành phố Hạ Long khoảng 55km. đây là một bãi biển mang khung cảnh thiên nhiên đẹp nên thơ, còn giữ nguyên vẻ hoang sơ vốn có.</span></span></span></span></p><p align=\"center\" style=\"box-sizing: border-box; margin: 0in 0in 10pt; padding: 5px 0px; font-family: Arial;\"><span style=\"box-sizing: border-box; color: rgb(0, 0, 0);\"><span style=\"box-sizing: border-box; font-size: 16px;\"><span style=\"box-sizing: border-box; font-family: Arial, Helvetica, sans-serif;\"><span style=\"box-sizing: border-box; line-height: 18.4px;\">.&nbsp;<img alt=\"Top 7 Bãi Biển Hạ Long Tuyệt Đẹp “Đốn Tim” Du Khách\" src=\"https://dulichviet.com.vn/images/bandidau/bai-bien-ha-long-3.jpg\" style=\"box-sizing: border-box; border: 0px; vertical-align: middle; max-width: 100%; height: 346px; width: 640px;\"></span></span></span></span></p><p align=\"center\" style=\"box-sizing: border-box; margin: 0in 0in 10pt; padding: 5px 0px; font-family: Arial;\"><span style=\"box-sizing: border-box; color: rgb(0, 0, 0);\"><span style=\"box-sizing: border-box; font-size: 16px;\"><span style=\"box-sizing: border-box; font-family: Arial, Helvetica, sans-serif;\"><span style=\"box-sizing: border-box; line-height: 18.4px;\"><i style=\"box-sizing: border-box;\">Bãi tắm Quan Lạn thu hút du khách bởi vẻ đẹp thơ mộng, yên bình</i></span></span></span></span></p><h2 style=\"box-sizing: border-box; font-family: inherit; font-weight: 700; line-height: 40px; margin: 10pt 0in 0.0001pt; font-size: 30px; padding: 0px; color: inherit;\"><span style=\"box-sizing: border-box; color: rgb(41, 128, 185);\"><span style=\"box-sizing: border-box; font-size: 24px;\"><strong style=\"box-sizing: border-box; font-weight: 700;\"><span style=\"box-sizing: border-box; font-family: Arial, Helvetica, sans-serif;\"><span style=\"box-sizing: border-box; line-height: 27.6px;\">&nbsp;5. Bãi tắm Minh Châu&nbsp;</span></span></strong></span></span></h2><p align=\"center\" style=\"box-sizing: border-box; margin: 0in 0in 10pt; padding: 5px 0px; font-family: Arial;\"><span style=\"box-sizing: border-box; color: rgb(0, 0, 0);\"><span style=\"box-sizing: border-box; font-size: 16px;\"><span style=\"box-sizing: border-box; font-family: Arial, Helvetica, sans-serif;\"><img alt=\"Top 7 Bãi Biển Hạ Long Tuyệt Đẹp “Đốn Tim” Du Khách\" src=\"https://dulichviet.com.vn/images/bandidau/bai-bien-ha-long-4.jpg\" style=\"box-sizing: border-box; border: 0px; vertical-align: middle; max-width: 100%; height: 346px; width: 640px;\"></span></span></span></p><p align=\"center\" style=\"box-sizing: border-box; margin: 0in 0in 10pt; padding: 5px 0px; font-family: Arial;\"><span style=\"box-sizing: border-box; color: rgb(0, 0, 0);\"><span style=\"box-sizing: border-box; font-size: 16px;\"><span style=\"box-sizing: border-box; font-family: Arial, Helvetica, sans-serif;\"><span style=\"box-sizing: border-box; line-height: 18.4px;\"><i style=\"box-sizing: border-box;\">Bãi tắm mang khung cảnh thiên nhiên đẹp nên thơ, thoáng đãng</i></span></span></span></span></p><p style=\"box-sizing: border-box; margin: 0in 0in 10pt; padding: 5px 0px; font-family: Arial;\"><span style=\"box-sizing: border-box; color: rgb(0, 0, 0);\"><span style=\"box-sizing: border-box; font-size: 16px;\"><span style=\"box-sizing: border-box; font-family: Arial, Helvetica, sans-serif;\"><span style=\"box-sizing: border-box; line-height: 18.4px;\">Nếu bạn đang tìm kiếm một bãi biển đẹp tại Vịnh Hạ Long thì bãi biển Minh Châu chính là một trong những sự lựa chọn không thể bỏ lỡ. Đúng như tên gọi của địa danh này, bãi tắm sở hữu dải cát trắng mịn như một tấm thảm lụa kết hợp cùng làn nước trong xanh như một mặt gương. Tất cả vẻ đẹp tại bãi biển dường như được tăng lên gấp bội phần khi ánh nắng vàng chan hòa phản chiếu xuống mắt nước và bao trùm toàn bộ không gian.</span></span></span></span></p><p style=\"box-sizing: border-box; margin: 0in 0in 10pt; padding: 5px 0px; font-family: Arial;\"><span style=\"box-sizing: border-box; color: rgb(0, 0, 0);\"><span style=\"box-sizing: border-box; font-size: 16px;\"><span style=\"box-sizing: border-box; font-family: Arial, Helvetica, sans-serif;\"><span style=\"box-sizing: border-box; line-height: 18.4px;\">Bãi biển rất thích hợp là nơi để du khách nghỉ dưỡng, cắm trại hay tham gia vào các sinh hoạt thú vị ngoài trời.</span></span></span></span></p><h2 style=\"box-sizing: border-box; font-family: inherit; font-weight: 700; line-height: 40px; margin: 10pt 0in 0.0001pt; font-size: 30px; padding: 0px; color: inherit;\"><span style=\"box-sizing: border-box; color: rgb(41, 128, 185);\"><span style=\"box-sizing: border-box; font-size: 24px;\"><strong style=\"box-sizing: border-box; font-weight: 700;\"><span style=\"box-sizing: border-box; font-family: Arial, Helvetica, sans-serif;\"><span style=\"box-sizing: border-box; line-height: 27.6px;\">6. Bãi tắm Ba Trái Đào&nbsp;</span></span></strong></span></span></h2><p align=\"center\" style=\"box-sizing: border-box; margin: 0in 0in 10pt; padding: 5px 0px; font-family: Arial;\"><span style=\"box-sizing: border-box; color: rgb(0, 0, 0);\"><span style=\"box-sizing: border-box; font-size: 16px;\"><span style=\"box-sizing: border-box; font-family: Arial, Helvetica, sans-serif;\"><img alt=\"Top 7 Bãi Biển Hạ Long Tuyệt Đẹp “Đốn Tim” Du Khách\" src=\"https://dulichviet.com.vn/images/bandidau/bai-bien-ha-long-5.jpg\" style=\"box-sizing: border-box; border: 0px; vertical-align: middle; max-width: 100%; height: 346px; width: 640px;\"></span></span></span></p><p align=\"center\" style=\"box-sizing: border-box; margin: 0in 0in 10pt; padding: 5px 0px; font-family: Arial;\"><span style=\"box-sizing: border-box; color: rgb(0, 0, 0);\"><span style=\"box-sizing: border-box; font-size: 16px;\"><span style=\"box-sizing: border-box; font-family: Arial, Helvetica, sans-serif;\"><span style=\"box-sizing: border-box; line-height: 18.4px;\"><i style=\"box-sizing: border-box;\">Đây là một trong những bãi tắm độc đáo tại Vịnh hạ long có thể nói là kiệt tác của tạo hóa</i></span></span></span></span></p><p style=\"box-sizing: border-box; margin: 0in 0in 10pt; padding: 5px 0px; font-family: Arial;\"><span style=\"box-sizing: border-box; color: rgb(0, 0, 0);\"><span style=\"box-sizing: border-box; font-size: 16px;\"><span style=\"box-sizing: border-box; font-family: Arial, Helvetica, sans-serif;\"><span style=\"box-sizing: border-box; line-height: 18.4px;\"><a href=\"https://dulichviet.com.vn/du-lich-ha-long\" style=\"box-sizing: border-box; color: rgb(51, 51, 51); text-decoration: none; background-color: transparent; transition: all 0.3s linear 0s;\"><strong style=\"box-sizing: border-box; font-weight: 700;\">Du lịch Hạ Long</strong></a>, nhiều du khách lựa chọn đến với bãi biển Ba Trái Đào để tham quan khám phá và trải nghiệm giờ phút thư giãn thú vị dưới làn nước trong vắt.</span></span></span></span></p><p style=\"box-sizing: border-box; margin: 0in 0in 10pt; padding: 5px 0px; font-family: Arial;\"><span style=\"box-sizing: border-box; color: rgb(0, 0, 0);\"><span style=\"box-sizing: border-box; font-size: 16px;\"><span style=\"box-sizing: border-box; font-family: Arial, Helvetica, sans-serif;\"><span style=\"box-sizing: border-box; line-height: 18.4px;\">Điểm nổi bật nhất của bãi tắm này đó là có 3 bãi cát mang hình dạng cánh cung ôm trọn vẹn lấy chân hòn đảo. Nhìn từ xa, nơi đây giống hệt như 3 trái đào tiên khổng lồ.</span></span></span></span></p><h2 style=\"box-sizing: border-box; font-family: inherit; font-weight: 700; line-height: 40px; margin: 10pt 0in 0.0001pt; font-size: 30px; padding: 0px; color: inherit;\"><span style=\"box-sizing: border-box; color: rgb(41, 128, 185);\"><span style=\"box-sizing: border-box; font-size: 24px;\"><strong style=\"box-sizing: border-box; font-weight: 700;\"><span style=\"box-sizing: border-box; font-family: Arial, Helvetica, sans-serif;\"><span style=\"box-sizing: border-box; line-height: 27.6px;\">7.&nbsp;Biển Bãi Cháy&nbsp;</span></span></strong></span></span></h2><p align=\"center\" style=\"box-sizing: border-box; margin: 0in 0in 10pt; padding: 5px 0px; font-family: Arial;\"><span style=\"box-sizing: border-box; color: rgb(0, 0, 0);\"><span style=\"box-sizing: border-box; font-size: 16px;\"><span style=\"box-sizing: border-box; font-family: Arial, Helvetica, sans-serif;\"><img alt=\"Top 7 Bãi Biển Hạ Long Tuyệt Đẹp “Đốn Tim” Du Khách\" src=\"https://dulichviet.com.vn/images/bandidau/bai-bien-ha-long-6.jpg\" style=\"box-sizing: border-box; border: 0px; vertical-align: middle; max-width: 100%; height: 317px; width: 640px;\"></span></span></span></p><p align=\"center\" style=\"box-sizing: border-box; margin: 0in 0in 10pt; padding: 5px 0px; font-family: Arial;\"><span style=\"box-sizing: border-box; color: rgb(0, 0, 0);\"><span style=\"box-sizing: border-box; font-size: 16px;\"><span style=\"box-sizing: border-box; font-family: Arial, Helvetica, sans-serif;\"><span style=\"box-sizing: border-box; line-height: 18.4px;\"><i style=\"box-sizing: border-box;\">Biển bãi Cháy sát Vịnh Hạ Long nên đông đảo du khách cùng nhiều hoạt động vui chơi giải trí thú vị</i></span></span></span></span></p><p style=\"box-sizing: border-box; margin: 0in 0in 10pt; padding: 5px 0px; font-family: Arial;\"><span style=\"box-sizing: border-box; color: rgb(0, 0, 0);\"><span style=\"box-sizing: border-box; font-size: 16px;\"><span style=\"box-sizing: border-box; font-family: Arial, Helvetica, sans-serif;\"><span style=\"box-sizing: border-box; line-height: 18.4px;\">Bãi Cháy dù là một bãi biển nhân tạo nhưng được đông đảo du khách lựa chọn ghé thăm.bãi biển có vị trí sát bờ Vịnh Hạ Long. Bãi biển này có chiều dài hơn 500m và rộng hơn 100m nên rất phù hợp để du khách tham gia các hoạt động nghỉ dưỡng, vui chơi.</span></span></span></span></p><p style=\"box-sizing: border-box; margin: 0in 0in 10pt; padding: 5px 0px; font-family: Arial;\"><span style=\"box-sizing: border-box; color: rgb(0, 0, 0);\"><span style=\"box-sizing: border-box; font-size: 16px;\"><span style=\"box-sizing: border-box; font-family: Arial, Helvetica, sans-serif;\"><span style=\"box-sizing: border-box; line-height: 18.4px;\">Trên đây là những thông tin liên quan đến top 7 bãi biển Hạ Long là mê hoặc du khách. Bạn có thể lưu lại những thông tin này để chọn cho mình một điểm đến phù hợp nhất. Chúc bạn có chuyến<span>&nbsp;</span><a href=\"https://dulichviet.com.vn/tin-tuc/kinh-nghiem-du-lich-ha-long\" style=\"box-sizing: border-box; color: rgb(51, 51, 51); text-decoration: none; background-color: transparent; transition: all 0.3s linear 0s;\"><strong style=\"box-sizing: border-box; font-weight: 700;\">du lịch Hạ Long</strong></a><span>&nbsp;</span>vui vẻ, nhiều trải nghiệm. Cảm ơn các bạn đã quan tâm theo dõi bài viết.</span></span></span></span></p></div>', 'Đường Tam Tạng', 'https://firebasestorage.googleapis.com/v0/b/test-8b330.appspot.com/o/imagestintuc%2Fbai-bien-ha-long.jpg?alt=media&token=263ffaaf-d2eb-4bc9-8ba5-eec620d1fa0c', 'bai-bien-ha-long.jpg', 'https://www.facebook.com', 'https://www.instagram.com', 'https://twitter.com', '1', '2022-10-28 07:29:48', '2022-10-28 07:29:48'),('7', 'Ngắm nhìn vẻ đẹp thơ mộng của bãi biển Tiên Sa – Đà Nẵng', 'Bãi Biển Tiên Sa Đà Nẵng là địa điểm có sức hút mãnh liệt với du khách. Nằm ở phía Bắc bán đảo Sơn Trà, bãi biển Tiên Sa với phong cảnh hữu tình. Hứa hẹn ...', '<div class=\"mda-archive\" style=\"box-sizing: border-box; margin: 0px 0px 20px; padding: 0px 0px 15px; border-bottom: 1px solid rgba(0, 0, 0, 0.15); color: rgb(51, 51, 51); font-family: Muli, sans-serif; font-size: 14px; font-style: normal; font-variant-ligatures: normal; font-variant-caps: normal; font-weight: 400; letter-spacing: normal; orphans: 2; text-align: justify; text-indent: 0px; text-transform: none; white-space: normal; widows: 2; word-spacing: 0px; -webkit-text-stroke-width: 0px; background-color: rgb(255, 255, 255); text-decoration-thickness: initial; text-decoration-style: initial; text-decoration-color: initial;\"><div class=\"mda-archive-content\" itemprop=\"description\" style=\"box-sizing: border-box; margin: 0px; padding: 0px; position: relative;\"><p style=\"box-sizing: border-box; margin: 0px; padding: 5px 0px; font-family: Arial;\"><span style=\"box-sizing: border-box; color: rgb(0, 0, 0);\"><span style=\"box-sizing: border-box; font-size: 16px;\"><span style=\"box-sizing: border-box; font-family: Arial, Helvetica, sans-serif;\"><span style=\"box-sizing: border-box; line-height: 24px;\">Bãi Biển Tiên Sa Đà Nẵng là địa điểm có sức hút mãnh liệt với du khách. Nằm ở phía Bắc bán đảo Sơn Trà, bãi biển Tiên Sa với phong cảnh hữu tình. Hứa hẹn là điểm đến lý tưởng để vui chơi, nghỉ dưỡng, ngắm cảnh. Nếu như có dịp<span>&nbsp;</span><b style=\"box-sizing: border-box; font-weight: 700;\">du lịch Đà Nẵng</b>, nhất định bạn phải ghé qua bãi biển thơ mộng này.</span></span></span></span></p></div></div><div class=\"the-content desc\" style=\"box-sizing: border-box; margin: 0px 0px 40px; padding: 0px; color: rgb(51, 51, 51); font-family: Muli, sans-serif; font-size: 14px; font-style: normal; font-variant-ligatures: normal; font-variant-caps: normal; font-weight: 400; letter-spacing: normal; orphans: 2; text-align: justify; text-indent: 0px; text-transform: none; white-space: normal; widows: 2; word-spacing: 0px; -webkit-text-stroke-width: 0px; background-color: rgb(255, 255, 255); text-decoration-thickness: initial; text-decoration-style: initial; text-decoration-color: initial;\"><h2 style=\"box-sizing: border-box; font-family: inherit; font-weight: 700; line-height: 40px; margin: 0in 0in 10pt; font-size: 30px; padding: 0px; color: inherit;\"><span style=\"box-sizing: border-box; color: rgb(41, 128, 185);\"><span style=\"box-sizing: border-box; font-size: 24px;\"><strong style=\"box-sizing: border-box; font-weight: 700;\"><span style=\"box-sizing: border-box; font-family: Arial, Helvetica, sans-serif;\"><span style=\"box-sizing: border-box; line-height: 27.6px;\">Đường đến bãi biển Tiên Sa</span></span></strong></span></span></h2><p style=\"box-sizing: border-box; margin: 0in 0in 10pt; padding: 5px 0px; font-family: Arial;\"><span style=\"box-sizing: border-box; color: rgb(0, 0, 0);\"><span style=\"box-sizing: border-box; font-size: 16px;\"><span style=\"box-sizing: border-box; font-family: Arial, Helvetica, sans-serif;\"><span style=\"box-sizing: border-box; line-height: 24px;\">Khu du lịch Tiên Sa Đà Nẵng&nbsp;nằm ở bán đảo Sơn Trà và cách trung tâm thành phố khoảng 20 phút đi xe máy. Bạn có thể đi theo cung đường sau:</span></span></span></span></p><p style=\"box-sizing: border-box; margin: 0in 0in 10pt; padding: 5px 0px; font-family: Arial;\"><span style=\"box-sizing: border-box; color: rgb(0, 0, 0);\"><span style=\"box-sizing: border-box; font-size: 16px;\"><span style=\"box-sizing: border-box; font-family: Arial, Helvetica, sans-serif;\"><span style=\"box-sizing: border-box; line-height: 24px;\">Đường Hoàng Sa- Lê Đức Thọ- Yết Kiêu- số 1 Yết Kiêu là khu du lịch Tiên Sa</span></span></span></span></p><p style=\"box-sizing: border-box; margin: 0in 0in 10pt; padding: 5px 0px; font-family: Arial;\"><span style=\"box-sizing: border-box; color: rgb(0, 0, 0);\"><span style=\"box-sizing: border-box; font-size: 16px;\"><span style=\"box-sizing: border-box; font-family: Arial, Helvetica, sans-serif;\"><span style=\"box-sizing: border-box; line-height: 24px;\">Đường đi không quá khó tìm. Tuy nhiên, cũng cần phải lưu ý với bạn là: trên đoạn đường đi có khá nhiều container vì nơi đây gần khu vực cảng. Để đảm bảo an toàn thì bạn cần phải cẩn trọng, chú ý quan sát.</span></span></span></span></p><h2 style=\"box-sizing: border-box; font-family: inherit; font-weight: 700; line-height: 40px; margin: 10pt 0in 0.0001pt; font-size: 30px; padding: 0px; color: inherit;\"><span style=\"box-sizing: border-box; color: rgb(41, 128, 185);\"><span style=\"box-sizing: border-box; font-size: 24px;\"><strong style=\"box-sizing: border-box; font-weight: 700;\"><span style=\"box-sizing: border-box; font-family: Arial, Helvetica, sans-serif;\"><span style=\"box-sizing: border-box; line-height: 27.6px;\">Khám phá khu bãi biển Tiên Sa</span></span></strong></span></span></h2><h3 style=\"box-sizing: border-box; font-family: inherit; font-weight: 700; line-height: 34px; margin: 10pt 0in 0.0001pt; font-size: 24px; padding: 0px; color: inherit;\"><span style=\"box-sizing: border-box; color: rgb(41, 128, 185);\"><span style=\"box-sizing: border-box; font-size: 20px;\"><strong style=\"box-sizing: border-box; font-weight: 700;\"><span style=\"box-sizing: border-box; font-family: Arial, Helvetica, sans-serif;\"><span style=\"box-sizing: border-box; line-height: 23px;\">1. Khu du lịch Tiên Sa&nbsp;Đà Nẵng&nbsp;sở hữu cảnh đẹp quyến rũ&nbsp;</span></span></strong></span></span></h3><p style=\"box-sizing: border-box; margin: 0in 0in 10pt; padding: 5px 0px; font-family: Arial;\"><span style=\"box-sizing: border-box; color: rgb(0, 0, 0);\"><span style=\"box-sizing: border-box; font-size: 16px;\"><span style=\"box-sizing: border-box; font-family: Arial, Helvetica, sans-serif;\"><span style=\"box-sizing: border-box; line-height: 24px;\">Sở dĩ có tên là Tiên Sa bởi dân gian tương truyền rằng nơi đây chính là&nbsp; bãi cát được các vị tiên giáng trần để đánh cờ, ca múa cùng với nhau. Khu du lịch Tiên Sa sở hữu cảnh đẹp không thua kém gì bãi biển Mỹ Khê, biển Nhật Lệ (Quảng Bình) hay biển Nha Trang nổi tiếng.</span></span></span></span></p><p align=\"center\" style=\"box-sizing: border-box; margin: 0in 0in 10pt; padding: 5px 0px; font-family: Arial;\"><span style=\"box-sizing: border-box; color: rgb(0, 0, 0);\"><span style=\"box-sizing: border-box; font-size: 16px;\"><span style=\"box-sizing: border-box; font-family: Arial, Helvetica, sans-serif;\"><img alt=\"Ngắm nhìn vẻ đẹp thơ mộng của bãi biển Tiên Sa – Đà Nẵng\" src=\"https://dulichviet.com.vn/images/bandidau/bai-bien-tien-sa.jpg\" style=\"box-sizing: border-box; border: 0px; vertical-align: middle; max-width: 100%; height: 369px; width: 640px;\"></span></span></span></p><p align=\"center\" style=\"box-sizing: border-box; margin: 0in 0in 10pt; padding: 5px 0px; font-family: Arial;\"><span style=\"box-sizing: border-box; color: rgb(0, 0, 0);\"><span style=\"box-sizing: border-box; font-size: 16px;\"><span style=\"box-sizing: border-box; font-family: Arial, Helvetica, sans-serif;\"><span style=\"box-sizing: border-box; line-height: 24px;\"><i style=\"box-sizing: border-box;\">Cả một vùng trời bình yên</i></span></span></span></span></p><p style=\"box-sizing: border-box; margin: 0in 0in 10pt; padding: 5px 0px; font-family: Arial;\"><span style=\"box-sizing: border-box; color: rgb(0, 0, 0);\"><span style=\"box-sizing: border-box; font-size: 16px;\"><span style=\"box-sizing: border-box; font-family: Arial, Helvetica, sans-serif;\"><span style=\"box-sizing: border-box; line-height: 24px;\">Tiên Sa ở giữa một khung cảnh non nước, sơn thủy hữu tình về phía Bắc của bán đảo Sơn Trà với bãi tắm Thùy Dương thơ mộng và hòn Mồ Côi gắn liên với câu chuyện truyền thuyết. Phong cảnh nơi đây đặc biệt yên tĩnh và vẫn còn gần như nguyên vẹn vẻ đẹp nguyên sơ.</span></span></span></span></p><p align=\"center\" style=\"box-sizing: border-box; margin: 0in 0in 10pt; padding: 5px 0px; font-family: Arial;\"><span style=\"box-sizing: border-box; color: rgb(0, 0, 0);\"><span style=\"box-sizing: border-box; font-size: 16px;\"><span style=\"box-sizing: border-box; font-family: Arial, Helvetica, sans-serif;\"><img alt=\"Ngắm nhìn vẻ đẹp thơ mộng của bãi biển Tiên Sa – Đà Nẵng\" src=\"https://dulichviet.com.vn/images/bandidau/bai-bien-tien-sa-1.jpg\" style=\"box-sizing: border-box; border: 0px; vertical-align: middle; max-width: 100%; height: 480px; width: 640px;\"></span></span></span></p><p align=\"center\" style=\"box-sizing: border-box; margin: 0in 0in 10pt; padding: 5px 0px; font-family: Arial;\"><span style=\"box-sizing: border-box; color: rgb(0, 0, 0);\"><span style=\"box-sizing: border-box; font-size: 16px;\"><span style=\"box-sizing: border-box; font-family: Arial, Helvetica, sans-serif;\"><span style=\"box-sizing: border-box; line-height: 24px;\"><i style=\"box-sizing: border-box;\">Khu du lịch Tiên Sa Đà Nẵng- non nước hữu tình</i></span></span></span></span></p><p style=\"box-sizing: border-box; margin: 0in 0in 10pt; padding: 5px 0px; font-family: Arial;\"><span style=\"box-sizing: border-box; color: rgb(0, 0, 0);\"><span style=\"box-sizing: border-box; font-size: 16px;\"><span style=\"box-sizing: border-box; font-family: Arial, Helvetica, sans-serif;\"><span style=\"box-sizing: border-box; line-height: 24px;\">Bãi tắm sạch, đẹp nhất nhì Đà Nẵng được bao bọc bởi những vách núi ở hai bên. Chính vì vậy, nơi đây thường sóng im và biển lặng, sóng nhỏ lăn tăn. Mặc dù không đẹp bằng biển Phú Quốc hay Nha Trang nhưng bãi biển Tiên Sa là một lựa chọn không tồi.</span></span></span></span></p><p style=\"box-sizing: border-box; margin: 0in 0in 10pt; padding: 5px 0px; font-family: Arial;\"><span style=\"box-sizing: border-box; color: rgb(0, 0, 0);\"><span style=\"box-sizing: border-box; font-size: 16px;\"><span style=\"box-sizing: border-box; font-family: Arial, Helvetica, sans-serif;\"><span style=\"box-sizing: border-box; line-height: 24px;\">Ở độ cao gần 700m so với mực nước biển, nhìn từ xa bạn sẽ thấy Tiên Sa giống cây nấm. Phần thân là những bãi cát trắng chạy dài trong khi đầu nấm là ngọn núi Sơn Trà.&nbsp;<b style=\"box-sizing: border-box; font-weight: 700;\">Khu du lịch Tiên Sa Đà Nẵng</b>&nbsp;còn là khu bảo tồn thiên nhiên quan trọng với hệ động thực vật phong phú và đa dạng.</span></span></span></span></p><h3 style=\"box-sizing: border-box; font-family: inherit; font-weight: 700; line-height: 34px; margin: 10pt 0in 0.0001pt; font-size: 24px; padding: 0px; color: inherit;\"><span style=\"box-sizing: border-box; color: rgb(41, 128, 185);\"><span style=\"box-sizing: border-box; font-size: 20px;\"><strong style=\"box-sizing: border-box; font-weight: 700;\"><span style=\"box-sizing: border-box; font-family: Arial, Helvetica, sans-serif;\"><span style=\"box-sizing: border-box; line-height: 23px;\">2. Khu du lịch Tiên Sa Đà Nẵng - nghỉ ngơi và vui chơi cực đã</span></span></strong></span></span></h3><p style=\"box-sizing: border-box; margin: 0in 0in 10pt; padding: 5px 0px; font-family: Arial;\"><span style=\"box-sizing: border-box; color: rgb(0, 0, 0);\"><span style=\"box-sizing: border-box; font-size: 16px;\"><span style=\"box-sizing: border-box; font-family: Arial, Helvetica, sans-serif;\"><img alt=\"Ngắm nhìn vẻ đẹp thơ mộng của bãi biển Tiên Sa – Đà Nẵng\" src=\"https://dulichviet.com.vn/images/bandidau/bai-bien-tien-sa-2.jpg\" style=\"box-sizing: border-box; border: 0px; vertical-align: middle; max-width: 100%; height: 427px; width: 640px;\"></span></span></span></p><p style=\"box-sizing: border-box; margin: 0in 0in 10pt; padding: 5px 0px; font-family: Arial;\"><span style=\"box-sizing: border-box; color: rgb(0, 0, 0);\"><span style=\"box-sizing: border-box; font-size: 16px;\"><span style=\"box-sizing: border-box; font-family: Arial, Helvetica, sans-serif;\"><span style=\"box-sizing: border-box; line-height: 24px;\"><i style=\"box-sizing: border-box;\">Khu nhà nghỉ và bungalow tại&nbsp;khu du lịch Tiên Sa Đà Nẵng<b style=\"box-sizing: border-box; font-weight: 700;\">&nbsp;</b>giữa thiên nhiên trong lành</i></span></span></span></span></p><p style=\"box-sizing: border-box; margin: 0in 0in 10pt; padding: 5px 0px; font-family: Arial;\"><span style=\"box-sizing: border-box; color: rgb(0, 0, 0);\"><span style=\"box-sizing: border-box; font-size: 16px;\"><span style=\"box-sizing: border-box; font-family: Arial, Helvetica, sans-serif;\"><span style=\"box-sizing: border-box; line-height: 24px;\">Bên cạnh những bãi biển đẹp, nước non hữu tình thì điểm đến này cũng được thiết kế, xây dựng các bungalow- nhà nghỉ kiểu chòi đầy đủ tiện nghi. Chắc chắn đây sẽ là điểm lưu trú mang tới cho bạn giây phút nghỉ ngơi thoải mái nhất. Giá phòng bungalow khoảng 400.000 đồng/phòng/đêm. Nếu bạn ở phòng nhà nghỉ thì sẽ có giá vé rẻ hơn khoảng 200.000 đồng/phòng/đêm.&nbsp;</span></span></span></span></p><p style=\"box-sizing: border-box; margin: 0in 0in 10pt; padding: 5px 0px; font-family: Arial;\"><span style=\"box-sizing: border-box; color: rgb(0, 0, 0);\"><span style=\"box-sizing: border-box; font-size: 16px;\"><span style=\"box-sizing: border-box; font-family: Arial, Helvetica, sans-serif;\"><span style=\"box-sizing: border-box; line-height: 24px;\">Đây là điểm đến thích hợp cho hoạt động nghỉ dưỡng và vui chơi, giã ngoại. Hãy một lần trải nghiệm với các trò chơi dù bay, mô tô nước, tàu lửa, phao điện, xe điện…. Ngoài ra, đừng bỏ lỡ hoạt động câu cá ở ghềnh đá, lặn biển, đánh bắt cá và bơi thuyền cùng với các ngư dân….</span></span></span></span></p><h3 style=\"box-sizing: border-box; font-family: inherit; font-weight: 700; line-height: 34px; margin: 10pt 0in 0.0001pt; font-size: 24px; padding: 0px; color: inherit;\"><span style=\"box-sizing: border-box; color: rgb(41, 128, 185);\"><span style=\"box-sizing: border-box; font-size: 20px;\"><strong style=\"box-sizing: border-box; font-weight: 700;\"><span style=\"box-sizing: border-box; font-family: Arial, Helvetica, sans-serif;\"><span style=\"box-sizing: border-box; line-height: 23px;\">3. Thưởng thức món ăn ngon ở khu du lịch Tiên Sa Đà Nẵng&nbsp;</span></span></strong></span></span></h3><p style=\"box-sizing: border-box; margin: 0in 0in 10pt; padding: 5px 0px; font-family: Arial;\"><span style=\"box-sizing: border-box; color: rgb(0, 0, 0);\"><span style=\"box-sizing: border-box; font-size: 16px;\"><span style=\"box-sizing: border-box; font-family: Arial, Helvetica, sans-serif;\"><span style=\"box-sizing: border-box; line-height: 24px;\">Ngay tại những bè cá trên biển bạn có thể thưởng thức món ăn hải sản tươi ngon trong khi giá thành cực rẻ. Bên cạnh đó, ở&nbsp;khu du lịch Tiên Sa Đà Nẵng&nbsp;cũng có nhà hàng nằm ngay bên bờ biển với những hàng dừa xanh mát và rất nhiều món ăn ngon để phục vụ du khách. Nếu bạn muốn tiết kiệm chi phí và tạo những kỉ niệm khó quên thì hoàn toàn có thể mang theo đồ ăn thưởng thức ngay trên bãi biển cùng với người thân cũng sẽ rất tuyệt.</span></span></span></span></p><p align=\"center\" style=\"box-sizing: border-box; margin: 0in 0in 10pt; padding: 5px 0px; font-family: Arial;\"><span style=\"box-sizing: border-box; color: rgb(0, 0, 0);\"><span style=\"box-sizing: border-box; font-size: 16px;\"><span style=\"box-sizing: border-box; font-family: Arial, Helvetica, sans-serif;\"><img alt=\"Ngắm nhìn vẻ đẹp thơ mộng của bãi biển Tiên Sa – Đà Nẵng\" src=\"https://dulichviet.com.vn/images/bandidau/bai-bien-tien-sa-3.jpg\" style=\"box-sizing: border-box; border: 0px; vertical-align: middle; max-width: 100%; height: 427px; width: 640px;\"></span></span></span></p><p align=\"center\" style=\"box-sizing: border-box; margin: 0in 0in 10pt; padding: 5px 0px; font-family: Arial;\"><span style=\"box-sizing: border-box; color: rgb(0, 0, 0);\"><span style=\"box-sizing: border-box; font-size: 16px;\"><span style=\"box-sizing: border-box; font-family: Arial, Helvetica, sans-serif;\"><span style=\"box-sizing: border-box; line-height: 24px;\"><i style=\"box-sizing: border-box;\">Thưởng thức bữa ăn ngay trên bãi biển</i></span></span></span></span></p><h2 style=\"box-sizing: border-box; font-family: inherit; font-weight: 700; line-height: 40px; margin: 10pt 0in 0.0001pt; font-size: 30px; padding: 0px; color: inherit;\"><span style=\"box-sizing: border-box; color: rgb(41, 128, 185);\"><span style=\"box-sizing: border-box; font-size: 20px;\"><strong style=\"box-sizing: border-box; font-weight: 700;\"><span style=\"box-sizing: border-box; font-family: Arial, Helvetica, sans-serif;\"><span style=\"box-sizing: border-box; line-height: 23px;\">Hoạt động cắm trại trên bãi biển Tiên Sa&nbsp;</span></span></strong></span></span></h2><p style=\"box-sizing: border-box; margin: 0in 0in 10pt; padding: 5px 0px; font-family: Arial;\"><span style=\"box-sizing: border-box; color: rgb(0, 0, 0);\"><span style=\"box-sizing: border-box; font-size: 16px;\"><span style=\"box-sizing: border-box; font-family: Arial, Helvetica, sans-serif;\"><span style=\"box-sizing: border-box; line-height: 24px;\">Cắm trại cảng Tiên Sa Đà Nẵng, tại sao không? Sẽ là khoảnh thời gian đáng nhớ khi bạn cắm trại trên bãi biển Tiên Sa vào một đêm trăng. Bạn sẽ có cơ hội phiêu bồng cùng ánh trăng và ngắm nhìn cảnh đẹp lãng mạn.</span></span></span></span></p><p align=\"center\" style=\"box-sizing: border-box; margin: 0in 0in 10pt; padding: 5px 0px; font-family: Arial;\"><span style=\"box-sizing: border-box; color: rgb(0, 0, 0);\"><span style=\"box-sizing: border-box; font-size: 16px;\"><span style=\"box-sizing: border-box; font-family: Arial, Helvetica, sans-serif;\"><img alt=\"Ngắm nhìn vẻ đẹp thơ mộng của bãi biển Tiên Sa – Đà Nẵng\" src=\"https://dulichviet.com.vn/images/bandidau/bai-bien-tien-sa-4.jpg\" style=\"box-sizing: border-box; border: 0px; vertical-align: middle; max-width: 100%; height: 384px; width: 640px;\"></span></span></span></p><p align=\"center\" style=\"box-sizing: border-box; margin: 0in 0in 10pt; padding: 5px 0px; font-family: Arial;\"><span style=\"box-sizing: border-box; color: rgb(0, 0, 0);\"><span style=\"box-sizing: border-box; font-size: 16px;\"><span style=\"box-sizing: border-box; font-family: Arial, Helvetica, sans-serif;\"><span style=\"box-sizing: border-box; line-height: 24px;\"><i style=\"box-sizing: border-box;\">Cắm trại ở&nbsp;khu du lịch Tiên Sa Đà Nẵng</i></span></span></span></span></p><p style=\"box-sizing: border-box; margin: 0in 0in 10pt; padding: 5px 0px; font-family: Arial;\"><span style=\"box-sizing: border-box; color: rgb(0, 0, 0);\"><span style=\"box-sizing: border-box; font-size: 16px;\"><span style=\"box-sizing: border-box; font-family: Arial, Helvetica, sans-serif;\"><span style=\"box-sizing: border-box; line-height: 24px;\">Trong không gian tĩnh lặng và bình yên thưởng thức một chút nhạc, nhâm nhi món ăn ngon và chút rượu bên bếp lửa hồng còn gì tuyệt hơn. Bạn có thể tận dụng, tranh thủ những ngày nghỉ cuối tuần cắm trại cảng Tiên Sa Đà Nẵng để nghỉ ngơi sau một tuần làm việc, học tập vất vả.</span></span></span></span></p><p style=\"box-sizing: border-box; margin: 0in 0in 10pt; padding: 5px 0px; font-family: Arial;\"><span style=\"box-sizing: border-box; color: rgb(0, 0, 0);\"><span style=\"box-sizing: border-box; font-size: 16px;\"><span style=\"box-sizing: border-box; font-family: Arial, Helvetica, sans-serif;\"><span style=\"box-sizing: border-box; line-height: 24px;\">Ở đây cũng có dịch vụ cho thuê lều, trại và đốt lửa hoặc bạn tự chuẩn bị mang theo đồ riêng của mình. Giá vé vào cổng (gửi xe, tắm biển và tắm nước ngọt) chỉ khoảng 10k/người.</span></span></span></span></p><p style=\"box-sizing: border-box; margin: 0in 0in 10pt; padding: 5px 0px; font-family: Arial;\"><span style=\"box-sizing: border-box; color: rgb(0, 0, 0);\"><span style=\"box-sizing: border-box; font-size: 16px;\"><span style=\"box-sizing: border-box; font-family: Arial, Helvetica, sans-serif;\"><span style=\"box-sizing: border-box; line-height: 24px;\">Bạn đã cảm nhận được sự bình yên và thơ mộng tại bãi biển Tiên Sa rồi phải không nào. Đây không chỉ là một bãi biển đẹp mà còn là nơi để bạn giải tỏa căng thẳng hiệu quả. Còn chần chờ gì nữa mà không thực hiện ngay một chuyến<span>&nbsp;</span><b style=\"box-sizing: border-box; font-weight: 700;\">du lịch Đà Nẵng</b><span>&nbsp;</span>đến biển Tiên Sa ngay nào</span></span></span></span></p></div>', 'Dương Quá', 'https://firebasestorage.googleapis.com/v0/b/test-8b330.appspot.com/o/imagestintuc%2Fbai-bien-tien-sa.jpg?alt=media&token=4fd128d9-7ef6-45ae-b5d2-3fd2e3327381', 'bai-bien-tien-sa.jpg', 'https://www.facebook.com', 'https://www.instagram.com', 'https://twitter.com', '1', '2022-10-28 07:30:21', '2022-10-28 07:30:21'),('8', 'Cẩm nang du lịch bãi biển Hải Thịnh chi tiết nhất', 'Hải Thịnh nổi tiếng là một trong những bãi biển đẹp nhất tỉnh Nam Định bên cạnh bãi biển Quất Lâm, Long Hải,… Bãi biển trải dài 3km với dải cát mịn, thoải, sạch sẽ, không hề bị bùn lún. Nằm cách Hà Nội chỉ tầm 160 cây số, bãi biển Hải Thịnh là địa điểm du lịch hè được nhiều du khách săn đón nhất hiện nay. Chúng tôi sẽ bật mí cho các bạn cẩm nang du lịch từ A đến Z bãi biển Hải Thịnh xinh đẹp này.', '<div class=\"mda-archive\" style=\"box-sizing: border-box; margin: 0px 0px 20px; padding: 0px 0px 15px; border-bottom: 1px solid rgba(0, 0, 0, 0.15); color: rgb(51, 51, 51); font-family: Muli, sans-serif; font-size: 14px; font-style: normal; font-variant-ligatures: normal; font-variant-caps: normal; font-weight: 400; letter-spacing: normal; orphans: 2; text-align: justify; text-indent: 0px; text-transform: none; white-space: normal; widows: 2; word-spacing: 0px; -webkit-text-stroke-width: 0px; background-color: rgb(255, 255, 255); text-decoration-thickness: initial; text-decoration-style: initial; text-decoration-color: initial;\"><div class=\"mda-archive-content\" itemprop=\"description\" style=\"box-sizing: border-box; margin: 0px; padding: 0px; position: relative;\"><p style=\"box-sizing: border-box; margin: 0px; padding: 5px 0px; font-family: Arial;\"><span style=\"box-sizing: border-box; color: rgb(0, 0, 0);\"><span style=\"box-sizing: border-box; font-size: 16px;\"><span style=\"box-sizing: border-box; font-family: Arial, Helvetica, sans-serif;\"><span style=\"box-sizing: border-box; line-height: 24px;\">Hải Thịnh nổi tiếng là một trong những bãi biển đẹp nhất tỉnh Nam Định bên cạnh bãi biển Quất Lâm, Long Hải,… Bãi biển trải dài 3km với dải cát mịn, thoải, sạch sẽ, không hề bị bùn lún. Nằm cách Hà Nội chỉ tầm 160 cây số, bãi biển Hải Thịnh là địa điểm du lịch hè được nhiều du khách săn đón nhất hiện nay. Chúng tôi sẽ bật mí cho các bạn cẩm nang du lịch từ A đến Z bãi biển Hải Thịnh xinh đẹp này.</span></span></span></span></p></div></div><div class=\"the-content desc\" style=\"box-sizing: border-box; margin: 0px 0px 40px; padding: 0px; color: rgb(51, 51, 51); font-family: Muli, sans-serif; font-size: 14px; font-style: normal; font-variant-ligatures: normal; font-variant-caps: normal; font-weight: 400; letter-spacing: normal; orphans: 2; text-align: justify; text-indent: 0px; text-transform: none; white-space: normal; widows: 2; word-spacing: 0px; -webkit-text-stroke-width: 0px; background-color: rgb(255, 255, 255); text-decoration-thickness: initial; text-decoration-style: initial; text-decoration-color: initial;\"><h2 style=\"box-sizing: border-box; font-family: inherit; font-weight: 700; line-height: 40px; margin: 0in 0in 10pt; font-size: 30px; padding: 0px; color: inherit;\"><span style=\"box-sizing: border-box; color: rgb(41, 128, 185);\"><span style=\"box-sizing: border-box; font-size: 24px;\"><strong style=\"box-sizing: border-box; font-weight: 700;\"><span style=\"box-sizing: border-box; font-family: Arial, Helvetica, sans-serif;\"><span style=\"box-sizing: border-box; line-height: 27.6px;\">Bãi biển Hải Thịnh đẹp nhất khi nào?</span></span></strong></span></span></h2><p style=\"box-sizing: border-box; margin: 0in 0in 10pt; padding: 5px 0px; font-family: Arial;\"><span style=\"box-sizing: border-box; color: rgb(0, 0, 0);\"><span style=\"box-sizing: border-box; font-size: 16px;\"><span style=\"box-sizing: border-box; font-family: Arial, Helvetica, sans-serif;\"><span style=\"box-sizing: border-box; line-height: 24px;\">Được tạo hóa ban cho thời tiết mát mẻ quanh năm,&nbsp;bãi biển Hải Thịnh Nam Định&nbsp;khoác lên mình những tấm áo khác biệt khi đông về và hè tới. Trong cái giá lạnh của mùa đông, Hải Thịnh hiện lên với vẻ đẹp hoang sơ, bình yên lạ thường. Nếu bạn yêu thích khám phá nét đẹp mộc mạc, bí hiểm hay đơn giản chỉ muốn tìm kiếm một điểm đến để nghỉ dưỡng thì đây là khoảng thời gian lý tưởng<b style=\"box-sizing: border-box; font-weight: 700;\">&nbsp;</b>du lịch Hải Thịnh.</span></span></span></span></p><p style=\"box-sizing: border-box; margin: 0in 0in 10pt; padding: 5px 0px; font-family: Arial;\"><span style=\"box-sizing: border-box; color: rgb(0, 0, 0);\"><span style=\"box-sizing: border-box; font-size: 16px;\"><span style=\"box-sizing: border-box; font-family: Arial, Helvetica, sans-serif;\"><span style=\"box-sizing: border-box; line-height: 24px;\">Trái lại, hè đến, Hải Thịnh trở nên tấp nập, đông vui náo nhiệt tiếng cười đùa, trò chuyện; tắm mình trong ánh nắng vàng ươm cùng những ngọn gió rì rào, tươi mát. Đây chính là thời điểm Hải Thịnh thu hút nhiều khách du lịch thăm quan nhất trong năm.</span></span></span></span></p><p align=\"center\" style=\"box-sizing: border-box; margin: 0in 0in 10pt; padding: 5px 0px; font-family: Arial;\"><span style=\"box-sizing: border-box; color: rgb(0, 0, 0);\"><span style=\"box-sizing: border-box; font-size: 16px;\"><span style=\"box-sizing: border-box; font-family: Arial, Helvetica, sans-serif;\"><img alt=\"Cẩm nang du lịch bãi biển Hải Thịnh chi tiết nhất\" src=\"https://dulichviet.com.vn/images/bandidau/bai-bien-hai-thinh.jpg\" style=\"box-sizing: border-box; border: 0px; vertical-align: middle; max-width: 100%; height: 426px; width: 640px;\"></span></span></span></p><p align=\"center\" style=\"box-sizing: border-box; margin: 0in 0in 10pt; padding: 5px 0px; font-family: Arial;\"><span style=\"box-sizing: border-box; color: rgb(0, 0, 0);\"><span style=\"box-sizing: border-box; font-size: 16px;\"><span style=\"box-sizing: border-box; font-family: Arial, Helvetica, sans-serif;\"><span style=\"box-sizing: border-box; line-height: 24px;\"><i style=\"box-sizing: border-box;\">Biển Hải Thịnh thu hút rất đông du khách vào dịp hè</i></span></span></span></span></p><h2 style=\"box-sizing: border-box; font-family: inherit; font-weight: 700; line-height: 40px; margin: 10pt 0in 0.0001pt; font-size: 30px; padding: 0px; color: inherit;\"><span style=\"box-sizing: border-box; color: rgb(41, 128, 185);\"><span style=\"box-sizing: border-box; font-size: 24px;\"><strong style=\"box-sizing: border-box; font-weight: 700;\"><span style=\"box-sizing: border-box; font-family: Arial, Helvetica, sans-serif;\"><span style=\"box-sizing: border-box; line-height: 27.6px;\">Đến biển Hải Thịnh bằng phương tiện gì?</span></span></strong></span></span></h2><p style=\"box-sizing: border-box; margin: 0in 0in 10pt; padding: 5px 0px; font-family: Arial;\"><span style=\"box-sizing: border-box; color: rgb(0, 0, 0);\"><span style=\"box-sizing: border-box; font-size: 16px;\"><span style=\"box-sizing: border-box; font-family: Arial, Helvetica, sans-serif;\"><span style=\"box-sizing: border-box; line-height: 24px;\">Xuất phất từ Hà Nội bạn có thể di chuyển đến bãi biển Hải Thịnh Nam Định bằng các phương tiện thông dụng sau:</span></span></span></span></p><p style=\"box-sizing: border-box; margin: 0in 0in 10pt; padding: 5px 0px; font-family: Arial;\"><span style=\"box-sizing: border-box; color: rgb(0, 0, 0);\"><span style=\"box-sizing: border-box; font-size: 16px;\"><span style=\"box-sizing: border-box; font-family: Arial, Helvetica, sans-serif;\"><span style=\"box-sizing: border-box; line-height: 24px;\">Xe khách: Từ bến xe Giáp Bát, bến xe Gia Lâm, bến xe Mỹ Đình,… du khách có thể dễ dàng bắt xe đến Nam Định. Giá vé trung bình cho 1 chiều không hề đắt, chỉ 70.000 VNĐ – 80.000 VNĐ/người.</span></span></span></span></p><p style=\"box-sizing: border-box; margin: 0in 0in 10pt; padding: 5px 0px; font-family: Arial;\"><span style=\"box-sizing: border-box; color: rgb(0, 0, 0);\"><span style=\"box-sizing: border-box; font-size: 16px;\"><span style=\"box-sizing: border-box; font-family: Arial, Helvetica, sans-serif;\"><span style=\"box-sizing: border-box; line-height: 24px;\">Xe máy hoặc phương tiện cá nhân: Đường đến bãi biển Hải Thịnh rất dễ đi, bạn có thể đi xe máy theo hướng quốc lộ 21 tới thành phố Nam Định thì rẽ trái vào quốc lộ 10. Men theo đường cầu vượt hướng đi Ninh Bình. Tiếp tục đi thẳng khoảng tầm 40km sẽ tới biển Hải Thịnh.</span></span></span></span></p><h2 style=\"box-sizing: border-box; font-family: inherit; font-weight: 700; line-height: 40px; margin: 10pt 0in 0.0001pt; font-size: 30px; padding: 0px; color: inherit;\"><span style=\"box-sizing: border-box; color: rgb(41, 128, 185);\"><span style=\"box-sizing: border-box; font-size: 24px;\"><strong style=\"box-sizing: border-box; font-weight: 700;\"><span style=\"box-sizing: border-box; font-family: Arial, Helvetica, sans-serif;\"><span style=\"box-sizing: border-box; line-height: 27.6px;\">Biển Hải Thịnh Nam Định có gì chơi?</span></span></strong></span></span></h2><p style=\"box-sizing: border-box; margin: 0in 0in 10pt; padding: 5px 0px; font-family: Arial;\"><span style=\"box-sizing: border-box; color: rgb(0, 0, 0);\"><span style=\"box-sizing: border-box; font-size: 16px;\"><span style=\"box-sizing: border-box; font-family: Arial, Helvetica, sans-serif;\"><span style=\"box-sizing: border-box; line-height: 24px;\">Biển Hải Thịnh được thiên nhiên ưu ái với khí hậu mát mẻ quanh năm, không chịu ảnh hưởng của gió Lào nóng nực. Điểm nhấn của&nbsp;bãi biển Nam Định&nbsp;chính là bãi cát ánh xanh rực rỡ, hòa quyện cùng sắc xanh của biển cả và đất trời. Một bãi biển đầy ắp gió cùng ánh xanh lan tỏa khắp 3 bề 4 hướng tạo nên bức tranh thiên nhiên huyền ảo, diệu kì, tựa như thiên đường ngay trên mặt đất.</span></span></span></span></p><p align=\"center\" style=\"box-sizing: border-box; margin: 0in 0in 10pt; padding: 5px 0px; font-family: Arial;\"><span style=\"box-sizing: border-box; color: rgb(0, 0, 0);\"><span style=\"box-sizing: border-box; font-size: 16px;\"><span style=\"box-sizing: border-box; font-family: Arial, Helvetica, sans-serif;\"><img alt=\"Cẩm nang du lịch bãi biển Hải Thịnh chi tiết nhất\" src=\"https://dulichviet.com.vn/images/bandidau/bai-bien-hai-thinh-1.jpg\" style=\"box-sizing: border-box; border: 0px; vertical-align: middle; max-width: 100%; height: 360px; width: 640px;\"></span></span></span></p><p align=\"center\" style=\"box-sizing: border-box; margin: 0in 0in 10pt; padding: 5px 0px; font-family: Arial;\"><span style=\"box-sizing: border-box; color: rgb(0, 0, 0);\"><span style=\"box-sizing: border-box; font-size: 16px;\"><span style=\"box-sizing: border-box; font-family: Arial, Helvetica, sans-serif;\"><span style=\"box-sizing: border-box; line-height: 24px;\"><i style=\"box-sizing: border-box;\">Vẻ đẹp của biển Hải Thịnh Nam Định</i></span></span></span></span></p><p style=\"box-sizing: border-box; margin: 0in 0in 10pt; padding: 5px 0px; font-family: Arial;\"><span style=\"box-sizing: border-box; color: rgb(0, 0, 0);\"><span style=\"box-sizing: border-box; font-size: 16px;\"><span style=\"box-sizing: border-box; font-family: Arial, Helvetica, sans-serif;\"><span style=\"box-sizing: border-box; line-height: 24px;\">Nơi đây còn là nơi sinh sống của nhiều động thực vật quý hiếm làm nên một môi trường sinh thái phong phú, đa dạng. Khách du lịch có thể tha hồ chiêm ngưỡng vẻ đẹp hoang sơ, vắng vẻ của bãi biển vào mỗi sớm bình minh hoặc ban đêm lộng gió rực rỡ ánh trăng vàng.</span></span></span></span></p><p style=\"box-sizing: border-box; margin: 0in 0in 10pt; padding: 5px 0px; font-family: Arial;\"><span style=\"box-sizing: border-box; color: rgb(0, 0, 0);\"><span style=\"box-sizing: border-box; font-size: 16px;\"><span style=\"box-sizing: border-box; font-family: Arial, Helvetica, sans-serif;\"><span style=\"box-sizing: border-box; line-height: 24px;\">Lúc mặt trời tỉnh giấc cũng là khi ngư dân nơi đây đánh bắt xa bờ trở về. Hàng trăm loại hải sản như mực, tôm, ghẹ , cua, bề bề roi rói, tươi nguyên đầy ắp trong những chiếc thúng trên thuyền, bè. Bạn có thể tự tay lựa chon vài cân hải sản tươi ngon này ngay trên bãi biển với mức giá rẻ hơn nhiều so với mua ngoài chợ. Vừa được đón bình minh trong sương sớm mát mẻ, trong lành vừa ngắm nhìn quang cảnh bình yên nơi vùng biển xinh đẹp này thì còn gì lãng mạn hơn phải không nào?</span></span></span></span></p><h2 style=\"box-sizing: border-box; font-family: inherit; font-weight: 700; line-height: 40px; margin: 10pt 0in 0.0001pt; font-size: 30px; padding: 0px; color: inherit;\"><span style=\"box-sizing: border-box; color: rgb(41, 128, 185);\"><span style=\"box-sizing: border-box; font-size: 24px;\"><strong style=\"box-sizing: border-box; font-weight: 700;\"><span style=\"box-sizing: border-box; font-family: Arial, Helvetica, sans-serif;\"><span style=\"box-sizing: border-box; line-height: 27.6px;\">Ở đâu khi du lịch Hải Thịnh?</span></span></strong></span></span></h2><p style=\"box-sizing: border-box; margin: 0in 0in 10pt; padding: 5px 0px; font-family: Arial;\"><span style=\"box-sizing: border-box; color: rgb(0, 0, 0);\"><span style=\"box-sizing: border-box; font-size: 16px;\"><span style=\"box-sizing: border-box; font-family: Arial, Helvetica, sans-serif;\"><span style=\"box-sizing: border-box; line-height: 24px;\">Là một khu du lịch nổi tiếng, bãi biển Hải Thịnh phát triển với một mạng lưới dịch vụ khách sạn, nhà nghỉ rộng lớn, giá cả phải chăng. Một số khách sạn nhà nghỉ được lòng du khách và người dân nhất ở đây như Hải Hậu, Thịnh Long, Hoàng Anh,… Những khách sạn này vừa có view cực đẹp vừa hợp túi tiền khách du lịch biển.</span></span></span></span></p><h2 style=\"box-sizing: border-box; font-family: inherit; font-weight: 700; line-height: 40px; margin: 10pt 0in 0.0001pt; font-size: 30px; padding: 0px; color: inherit;\"><span style=\"box-sizing: border-box; color: rgb(41, 128, 185);\"><span style=\"box-sizing: border-box; font-size: 24px;\"><strong style=\"box-sizing: border-box; font-weight: 700;\"><span style=\"box-sizing: border-box; font-family: Arial, Helvetica, sans-serif;\"><span style=\"box-sizing: border-box; line-height: 27.6px;\">Ăn gì ở Hải Thịnh?</span></span></strong></span></span></h2><p style=\"box-sizing: border-box; margin: 0in 0in 10pt; padding: 5px 0px; font-family: Arial;\"><span style=\"box-sizing: border-box; color: rgb(0, 0, 0);\"><span style=\"box-sizing: border-box; font-size: 16px;\"><span style=\"box-sizing: border-box; font-family: Arial, Helvetica, sans-serif;\"><span style=\"box-sizing: border-box; line-height: 24px;\">Nếu có dịp ghé qua thăm Hải Thịnh, du khách không thể bỏ lỡ đặc sản Nam Định như cá chim, cá thu, vược, mực, tôm sú, tôm hùm, ghẹ, cua bể, bề bề,… Du khách có thể tận hưởng hương vị thơm ngon khó cưỡng của các món ăn được chế biến theo nhiều phương pháp khác nhau như nướng, rim me, xào dừa, hấp sả, hấp lá chanh,…</span></span></span></span></p><p align=\"center\" style=\"box-sizing: border-box; margin: 0in 0in 10pt; padding: 5px 0px; font-family: Arial;\"><span style=\"box-sizing: border-box; color: rgb(0, 0, 0);\"><span style=\"box-sizing: border-box; font-size: 16px;\"><span style=\"box-sizing: border-box; font-family: Arial, Helvetica, sans-serif;\"><img alt=\"Cẩm nang du lịch bãi biển Hải Thịnh chi tiết nhất\" src=\"https://dulichviet.com.vn/images/bandidau/bai-bien-hai-thinh-2.jpg\" style=\"box-sizing: border-box; border: 0px; vertical-align: middle; max-width: 100%; height: 480px; width: 640px;\"></span></span></span></p><p align=\"center\" style=\"box-sizing: border-box; margin: 0in 0in 10pt; padding: 5px 0px; font-family: Arial;\"><span style=\"box-sizing: border-box; color: rgb(0, 0, 0);\"><span style=\"box-sizing: border-box; font-size: 16px;\"><span style=\"box-sizing: border-box; font-family: Arial, Helvetica, sans-serif;\"><span style=\"box-sizing: border-box; line-height: 24px;\"><i style=\"box-sizing: border-box;\">Đặc sản Nem nắm Giao Thủy</i></span></span></span></span></p><p style=\"box-sizing: border-box; margin: 0in 0in 10pt; padding: 5px 0px; font-family: Arial;\"><span style=\"box-sizing: border-box; color: rgb(0, 0, 0);\"><span style=\"box-sizing: border-box; font-size: 16px;\"><span style=\"box-sizing: border-box; font-family: Arial, Helvetica, sans-serif;\"><span style=\"box-sizing: border-box; line-height: 24px;\">Ngoài ra, Hải Thịnh còn nổi tiếng với nem nắm Giao Thủy, kẹo sìu châu, kẹo dồi, bánh nhãn Hải Hậu, bánh xíu páo, bánh gai,… ngon tuyệt, hấp dẫn khách du lịch.</span></span></span></span></p><h2 style=\"box-sizing: border-box; font-family: inherit; font-weight: 700; line-height: 40px; margin: 10pt 0in 0.0001pt; font-size: 30px; padding: 0px; color: inherit;\"><span style=\"box-sizing: border-box; color: rgb(41, 128, 185);\"><span style=\"box-sizing: border-box; font-size: 24px;\"><strong style=\"box-sizing: border-box; font-weight: 700;\"><span style=\"box-sizing: border-box; font-family: Arial, Helvetica, sans-serif;\"><span style=\"box-sizing: border-box; line-height: 27.6px;\">Những địa điểm du lịch gần biển Hải Thịnh</span></span></strong></span></span></h2><p style=\"box-sizing: border-box; margin: 0in 0in 10pt; padding: 5px 0px; font-family: Arial;\"><span style=\"box-sizing: border-box; color: rgb(0, 0, 0);\"><span style=\"box-sizing: border-box; font-size: 16px;\"><span style=\"box-sizing: border-box; font-family: Arial, Helvetica, sans-serif;\"><span style=\"box-sizing: border-box; line-height: 24px;\">Trên đường du lịch biển Hải Thịnh, du khách có thể dừng chân thăm quan khám phá vẻ đẹp độc đáo của phiên chợ ven biển, nhà thờ, đền chùa nổi tiếng như Đền Trần, Phủ Dầy, Chùa Cổ Lễ, Chùa Keo Hành Thiện, Nhà lưu niệm Cố Tổng Bí thư Trường Chinh, làng nghề cây cảnh Vị Khê, ươm tơ Cổ Chất, dệt đũi Cự Trữ,… Ngoài ra, cánh đồng muối Văn Lý, bãi biển Quất Lâm, vườn quốc gia Xuân Thủy,… cũng là một trong số<b style=\"box-sizing: border-box; font-weight: 700;\">&nbsp;</b>địa điểm du lịch Nam Định<b style=\"box-sizing: border-box; font-weight: 700;\">&nbsp;</b>sát rạt bãi biển Hải Thịnh mà du khách mong chờ đặt chân tới.</span></span></span></span></p><p align=\"center\" style=\"box-sizing: border-box; margin: 0in 0in 10pt; padding: 5px 0px; font-family: Arial;\"><span style=\"box-sizing: border-box; color: rgb(0, 0, 0);\"><span style=\"box-sizing: border-box; font-size: 16px;\"><span style=\"box-sizing: border-box; font-family: Arial, Helvetica, sans-serif;\"><img alt=\"Cẩm nang du lịch bãi biển Hải Thịnh chi tiết nhất\" src=\"https://dulichviet.com.vn/images/bandidau/bai-bien-hai-thinh-3.jpg\" style=\"box-sizing: border-box; border: 0px; vertical-align: middle; max-width: 100%; height: 400px; width: 600px;\"></span></span></span></p><p align=\"center\" style=\"box-sizing: border-box; margin: 0in 0in 10pt; padding: 5px 0px; font-family: Arial;\"><span style=\"box-sizing: border-box; color: rgb(0, 0, 0);\"><span style=\"box-sizing: border-box; font-size: 16px;\"><span style=\"box-sizing: border-box; font-family: Arial, Helvetica, sans-serif;\"><span style=\"box-sizing: border-box; line-height: 24px;\"><i style=\"box-sizing: border-box;\">Di tích Đền Trần Nam Định</i></span></span></span></span></p><p style=\"box-sizing: border-box; margin: 0in 0in 10pt; padding: 5px 0px; font-family: Arial;\"><span style=\"box-sizing: border-box; color: rgb(0, 0, 0);\"><span style=\"box-sizing: border-box; font-size: 16px;\"><span style=\"box-sizing: border-box; font-family: Arial, Helvetica, sans-serif;\"><span style=\"box-sizing: border-box; line-height: 24px;\">Vậy là bạn đã kịp bỏ túi cho bản thân kinh nghiệm<b style=\"box-sizing: border-box; font-weight: 700;\">&nbsp;</b>du lịch bãi biển Hải Thịnh&nbsp;độc nhất vô nhị này rồi phải không? Còn chần chờ gì nữa mà không vác ba lô lên và đi ngay</span></span></span></span></p></div>', 'Cô Cô', 'https://firebasestorage.googleapis.com/v0/b/test-8b330.appspot.com/o/imagestintuc%2Fbai-bien-hai-thinh-1.jpg?alt=media&token=0ab60981-744a-4a34-8d78-691e22233e35', 'bai-bien-hai-thinh-1.jpg', 'https://www.facebook.com', 'https://www.instagram.com', 'https://twitter.com', '1', '2022-10-28 07:33:45', '2022-10-28 07:33:45');
/*!40000 ALTER TABLE `tintucs` ENABLE KEYS */;
UNLOCK TABLES;

--
-- Table structure for table `tintuctags`
--

DROP TABLE IF EXISTS `tintuctags`;
/*!40101 SET @saved_cs_client     = @@character_set_client */;
/*!50503 SET character_set_client = utf8mb4 */;
CREATE TABLE `tintuctags` (
  `id` int NOT NULL AUTO_INCREMENT,
  `tintucId` int DEFAULT NULL,
  `tagId` int DEFAULT NULL,
  `createdAt` datetime NOT NULL,
  `updatedAt` datetime NOT NULL,
  PRIMARY KEY (`id`),
  KEY `tintucId` (`tintucId`),
  KEY `tagId` (`tagId`),
  CONSTRAINT `tintuctags_ibfk_1` FOREIGN KEY (`tintucId`) REFERENCES `tintucs` (`id`) ON DELETE CASCADE,
  CONSTRAINT `tintuctags_ibfk_2` FOREIGN KEY (`tagId`) REFERENCES `tags` (`id`) ON DELETE CASCADE
) ENGINE=InnoDB AUTO_INCREMENT=183 DEFAULT CHARSET=utf8 COLLATE=utf8_unicode_ci;
/*!40101 SET character_set_client = @saved_cs_client */;

--
-- Dumping data for table `tintuctags`
--

LOCK TABLES `tintuctags` WRITE;
/*!40000 ALTER TABLE `tintuctags` DISABLE KEYS */;
INSERT INTO `tintuctags` VALUES ('1', '3', '7', '2022-10-27 04:34:56', '2022-10-27 04:34:56'),('2', '3', '2', '2022-10-27 04:34:56', '2022-10-27 04:34:56'),('3', '3', '3', '2022-10-27 04:34:56', '2022-10-27 04:34:56'),('4', '4', '4', '2022-10-27 04:35:06', '2022-10-27 04:35:06'),('5', '4', '5', '2022-10-27 04:35:06', '2022-10-27 04:35:06'),('6', '5', '4', '2022-10-27 04:37:34', '2022-10-27 04:37:34'),('7', '5', '5', '2022-10-27 04:37:34', '2022-10-27 04:37:34'),('8', '6', '4', '2022-10-28 07:29:48', '2022-10-28 07:29:48'),('9', '6', '5', '2022-10-28 07:29:48', '2022-10-28 07:29:48'),('10', '6', '3', '2022-10-28 07:29:48', '2022-10-28 07:29:48'),('11', '7', '5', '2022-10-28 07:29:48', '2022-10-28 07:29:48'),('12', '7', '4', '2022-10-28 07:29:48', '2022-10-28 07:29:48'),('13', '7', '3', '2022-10-28 07:29:48', '2022-10-28 07:29:48'),('14', '7', '6', '2022-10-28 07:29:48', '2022-10-28 07:29:48'),('128', '8', '2', '2022-10-28 07:33:45', '2022-10-28 07:33:45'),('129', '8', '5', '2022-10-28 07:33:45', '2022-10-28 07:33:45');
/*!40000 ALTER TABLE `tintuctags` ENABLE KEYS */;
UNLOCK TABLES;

--
-- Table structure for table `tourdiadiems`
--

DROP TABLE IF EXISTS `tourdiadiems`;
/*!40101 SET @saved_cs_client     = @@character_set_client */;
/*!50503 SET character_set_client = utf8mb4 */;
CREATE TABLE `tourdiadiems` (
  `id` int NOT NULL AUTO_INCREMENT,
  `diadiemId` int DEFAULT NULL,
  `tourId` int DEFAULT NULL,
  `createdAt` datetime NOT NULL,
  `updatedAt` datetime NOT NULL,
  PRIMARY KEY (`id`),
  KEY `diadiemId` (`diadiemId`),
  KEY `tourId` (`tourId`),
  CONSTRAINT `tourdiadiems_ibfk_1` FOREIGN KEY (`diadiemId`) REFERENCES `diadiems` (`id`) ON DELETE CASCADE,
  CONSTRAINT `tourdiadiems_ibfk_2` FOREIGN KEY (`tourId`) REFERENCES `tours` (`id`) ON DELETE CASCADE
) ENGINE=InnoDB AUTO_INCREMENT=18 DEFAULT CHARSET=utf8 COLLATE=utf8_unicode_ci;
/*!40101 SET character_set_client = @saved_cs_client */;

--
-- Dumping data for table `tourdiadiems`
--

LOCK TABLES `tourdiadiems` WRITE;
/*!40000 ALTER TABLE `tourdiadiems` DISABLE KEYS */;
INSERT INTO `tourdiadiems` VALUES ('7', '22', '7', '2020-12-24 08:09:35', '2020-12-24 08:09:35'),('8', '17', '8', '2020-12-24 08:14:11', '2020-12-24 08:14:11'),('11', '21', '11', '2020-12-24 08:33:32', '2020-12-24 08:33:32'),('20', '12', '21', '2022-10-27 07:18:27', '2022-10-27 07:18:27'),('21', '20', '22', '2022-10-28 12:29:07', '2022-10-28 12:29:07'),('22', '26', '23', '2022-10-28 12:44:15', '2022-10-28 12:44:15'),('23', '23', '1', '2022-10-29 08:42:37', '2022-10-29 08:42:37'),('24', '26', '2', '2022-10-29 08:55:12', '2022-10-29 08:55:12'),('25', '15', '3', '2022-10-29 09:05:44', '2022-10-29 09:05:44'),('28', '28', '24', '2022-10-29 09:22:02', '2022-10-29 09:22:02'),('29', '29', '25', '2022-10-29 09:43:45', '2022-10-29 09:43:45'),('31', '15', '27', '2022-11-27 10:24:22', '2022-11-27 10:24:22');
/*!40000 ALTER TABLE `tourdiadiems` ENABLE KEYS */;
UNLOCK TABLES;

--
-- Table structure for table `tourkhuyenmais`
--

DROP TABLE IF EXISTS `tourkhuyenmais`;
/*!40101 SET @saved_cs_client     = @@character_set_client */;
/*!50503 SET character_set_client = utf8mb4 */;
CREATE TABLE `tourkhuyenmais` (
  `id` int NOT NULL AUTO_INCREMENT,
  `tourId` int DEFAULT NULL,
  `khuyenmaiId` int DEFAULT NULL,
  `createdAt` datetime NOT NULL,
  `updatedAt` datetime NOT NULL,
  PRIMARY KEY (`id`),
  KEY `tourId` (`tourId`),
  KEY `khuyenmaiId` (`khuyenmaiId`),
  CONSTRAINT `tourkhuyenmais_ibfk_1` FOREIGN KEY (`tourId`) REFERENCES `tours` (`id`) ON DELETE CASCADE,
  CONSTRAINT `tourkhuyenmais_ibfk_2` FOREIGN KEY (`khuyenmaiId`) REFERENCES `khuyenmais` (`id`) ON DELETE CASCADE
) ENGINE=InnoDB AUTO_INCREMENT=127 DEFAULT CHARSET=utf8 COLLATE=utf8_unicode_ci;
/*!40101 SET character_set_client = @saved_cs_client */;

--
-- Dumping data for table `tourkhuyenmais`
--

LOCK TABLES `tourkhuyenmais` WRITE;
/*!40000 ALTER TABLE `tourkhuyenmais` DISABLE KEYS */;
INSERT INTO `tourkhuyenmais` VALUES (123,1,4,'2021-05-22 08:55:37','2021-05-22 08:55:37'),(124,2,4,'2021-05-22 08:55:37','2021-05-22 08:55:37'),(125,19,9,'2021-05-30 00:53:16','2021-05-30 00:53:16'),(126,5,9,'2021-05-30 02:40:26','2021-05-30 02:40:26');
/*!40000 ALTER TABLE `tourkhuyenmais` ENABLE KEYS */;
UNLOCK TABLES;

--
-- Table structure for table `tourloaitours`
--

DROP TABLE IF EXISTS `tourloaitours`;
/*!40101 SET @saved_cs_client     = @@character_set_client */;
/*!50503 SET character_set_client = utf8mb4 */;
CREATE TABLE `tourloaitours` (
  `id` int NOT NULL AUTO_INCREMENT,
  `loaitourId` int DEFAULT NULL,
  `tourId` int DEFAULT NULL,
  `createdAt` datetime NOT NULL,
  `updatedAt` datetime NOT NULL,
  PRIMARY KEY (`id`),
  KEY `loaitourId` (`loaitourId`),
  KEY `tourId` (`tourId`),
  CONSTRAINT `tourloaitours_ibfk_1` FOREIGN KEY (`loaitourId`) REFERENCES `loaitours` (`id`) ON DELETE CASCADE,
  CONSTRAINT `tourloaitours_ibfk_2` FOREIGN KEY (`tourId`) REFERENCES `tours` (`id`) ON DELETE CASCADE
) ENGINE=InnoDB AUTO_INCREMENT=71 DEFAULT CHARSET=utf8 COLLATE=utf8_unicode_ci;
/*!40101 SET character_set_client = @saved_cs_client */;

--
-- Dumping data for table `tourloaitours`
--

LOCK TABLES `tourloaitours` WRITE;
/*!40000 ALTER TABLE `tourloaitours` DISABLE KEYS */;
INSERT INTO `tourloaitours` VALUES ('16', '2', '7', '2020-12-24 08:09:35', '2020-12-24 08:09:35'),('17', '5', '7', '2020-12-24 08:09:35', '2020-12-24 08:09:35'),('18', '1', '7', '2020-12-24 08:09:35', '2020-12-24 08:09:35'),('19', '2', '8', '2020-12-24 08:14:11', '2020-12-24 08:14:11'),('20', '5', '8', '2020-12-24 08:14:11', '2020-12-24 08:14:11'),('21', '4', '8', '2020-12-24 08:14:11', '2020-12-24 08:14:11'),('28', '2', '11', '2020-12-24 08:33:32', '2020-12-24 08:33:32'),('60', '1', '2', '2021-05-24 08:35:31', '2021-05-24 08:35:31'),('61', '9', '2', '2021-05-24 08:35:31', '2021-05-24 08:35:31'),('66', '1', '1', '2021-05-24 09:04:12', '2021-05-24 09:04:12'),('67', '10', '1', '2021-05-24 09:04:12', '2021-05-24 09:04:12'),('73', '9', '21', '2022-10-27 07:18:27', '2022-10-27 07:18:27'),('74', '2', '22', '2022-10-28 12:29:07', '2022-10-28 12:29:07'),('75', '1', '23', '2022-10-28 12:44:15', '2022-10-28 12:44:15'),('76', '5', '23', '2022-10-28 12:44:15', '2022-10-28 12:44:15'),('77', '1', '3', '2022-10-29 09:05:44', '2022-10-29 09:05:44'),('78', '5', '3', '2022-10-29 09:05:44', '2022-10-29 09:05:44'),('79', '3', '24', '2022-10-29 09:22:02', '2022-10-29 09:22:02'),('80', '5', '24', '2022-10-29 09:22:02', '2022-10-29 09:22:02'),('81', '2', '25', '2022-10-29 09:43:45', '2022-10-29 09:43:45'),('82', '5', '25', '2022-10-29 09:43:45', '2022-10-29 09:43:45'),('85', '2', '27', '2022-11-27 10:24:22', '2022-11-27 10:24:22'),('86', '5', '27', '2022-11-27 10:24:22', '2022-11-27 10:24:22');
/*!40000 ALTER TABLE `tourloaitours` ENABLE KEYS */;
UNLOCK TABLES;

--
-- Table structure for table `tourngaydis`
--

DROP TABLE IF EXISTS `tourngaydis`;
/*!40101 SET @saved_cs_client     = @@character_set_client */;
/*!50503 SET character_set_client = utf8mb4 */;
CREATE TABLE `tourngaydis` (
  `id` int NOT NULL AUTO_INCREMENT,
  `tourId` int DEFAULT NULL,
  `ngaydiId` int DEFAULT NULL,
  `createdAt` datetime NOT NULL,
  `updatedAt` datetime NOT NULL,
  PRIMARY KEY (`id`),
  KEY `tourId` (`tourId`),
  KEY `ngaydiId` (`ngaydiId`),
  CONSTRAINT `tourngaydis_ibfk_1` FOREIGN KEY (`tourId`) REFERENCES `tours` (`id`) ON DELETE CASCADE,
  CONSTRAINT `tourngaydis_ibfk_2` FOREIGN KEY (`ngaydiId`) REFERENCES `ngaydis` (`id`) ON DELETE CASCADE
) ENGINE=InnoDB AUTO_INCREMENT=77 DEFAULT CHARSET=utf8 COLLATE=utf8_unicode_ci;
/*!40101 SET character_set_client = @saved_cs_client */;

--
-- Dumping data for table `tourngaydis`
--

LOCK TABLES `tourngaydis` WRITE;
/*!40000 ALTER TABLE `tourngaydis` DISABLE KEYS */;
INSERT INTO `tourngaydis` VALUES ('80', '21', '37', '2022-10-28 11:13:24', '2022-10-28 11:13:24'),('90', '22', '38', '2022-10-28 12:29:07', '2022-10-28 12:29:07'),('91', '22', '34', '2022-10-28 12:29:07', '2022-10-28 12:29:07'),('92', '22', '37', '2022-10-28 12:29:07', '2022-10-28 12:29:07'),('93', '22', '35', '2022-10-28 12:29:07', '2022-10-28 12:29:07'),('94', '22', '32', '2022-10-28 12:29:07', '2022-10-28 12:29:07'),('95', '22', '33', '2022-10-28 12:29:07', '2022-10-28 12:29:07'),('96', '22', '31', '2022-10-28 12:29:07', '2022-10-28 12:29:07'),('97', '22', '30', '2022-10-28 12:29:07', '2022-10-28 12:29:07'),('110', '2', '51', '2022-10-29 08:55:12', '2022-10-29 08:55:12'),('111', '2', '50', '2022-10-29 08:55:12', '2022-10-29 08:55:12'),('122', '8', '37', '2022-10-29 09:35:26', '2022-10-29 09:35:26'),('123', '8', '40', '2022-10-29 09:35:26', '2022-10-29 09:35:26'),('124', '8', '39', '2022-10-29 09:35:26', '2022-10-29 09:35:26'),('125', '8', '43', '2022-10-29 09:35:26', '2022-10-29 09:35:26'),('126', '8', '45', '2022-10-29 09:35:26', '2022-10-29 09:35:26'),('127', '8', '50', '2022-10-29 09:35:26', '2022-10-29 09:35:26'),('135', '1', '50', '2022-10-30 11:34:21', '2022-10-30 11:34:21'),('136', '1', '49', '2022-10-30 11:34:21', '2022-10-30 11:34:21'),('137', '23', '37', '2022-10-30 11:35:22', '2022-10-30 11:35:22'),('138', '23', '32', '2022-10-30 11:35:22', '2022-10-30 11:35:22'),('139', '23', '35', '2022-10-30 11:35:22', '2022-10-30 11:35:22'),('140', '23', '34', '2022-10-30 11:35:22', '2022-10-30 11:35:22'),('141', '23', '33', '2022-10-30 11:35:22', '2022-10-30 11:35:22'),('144', '3', '17', '2022-10-30 11:37:52', '2022-10-30 11:37:52'),('145', '3', '51', '2022-10-30 11:37:52', '2022-10-30 11:37:52'),('161', '11', '51', '2022-11-23 08:00:06', '2022-11-23 08:00:06'),('162', '11', '50', '2022-11-23 08:00:06', '2022-11-23 08:00:06'),('163', '11', '56', '2022-11-23 08:00:06', '2022-11-23 08:00:06'),('164', '11', '55', '2022-11-23 08:00:06', '2022-11-23 08:00:06'),('165', '7', '51', '2022-11-23 08:00:28', '2022-11-23 08:00:28'),('166', '7', '50', '2022-11-23 08:00:28', '2022-11-23 08:00:28'),('167', '7', '47', '2022-11-23 08:00:28', '2022-11-23 08:00:28'),('168', '7', '56', '2022-11-23 08:00:28', '2022-11-23 08:00:28'),('169', '7', '55', '2022-11-23 08:00:28', '2022-11-23 08:00:28'),('170', '24', '49', '2022-11-23 08:05:44', '2022-11-23 08:05:44'),('171', '24', '50', '2022-11-23 08:05:44', '2022-11-23 08:05:44'),('172', '24', '41', '2022-11-23 08:05:44', '2022-11-23 08:05:44'),('173', '24', '35', '2022-11-23 08:05:44', '2022-11-23 08:05:44'),('174', '24', '37', '2022-11-23 08:05:44', '2022-11-23 08:05:44'),('175', '24', '56', '2022-11-23 08:05:44', '2022-11-23 08:05:44'),('176', '24', '55', '2022-11-23 08:05:44', '2022-11-23 08:05:44'),('177', '25', '50', '2022-11-27 10:20:41', '2022-11-27 10:20:41'),('178', '25', '51', '2022-11-27 10:20:41', '2022-11-27 10:20:41'),('179', '25', '40', '2022-11-27 10:20:41', '2022-11-27 10:20:41'),('180', '25', '41', '2022-11-27 10:20:41', '2022-11-27 10:20:41'),('181', '25', '39', '2022-11-27 10:20:41', '2022-11-27 10:20:41'),('182', '25', '56', '2022-11-27 10:20:41', '2022-11-27 10:20:41'),('183', '25', '55', '2022-11-27 10:20:41', '2022-11-27 10:20:41'),('184', '25', '54', '2022-11-27 10:20:41', '2022-11-27 10:20:41'),('187', '27', '56', '2022-11-27 10:29:52', '2022-11-27 10:29:52'),('188', '27', '55', '2022-11-27 10:29:52', '2022-11-27 10:29:52'),('189', '27', '54', '2022-11-27 10:29:52', '2022-11-27 10:29:52');
/*!40000 ALTER TABLE `tourngaydis` ENABLE KEYS */;
UNLOCK TABLES;

--
-- Table structure for table `tours`
--

DROP TABLE IF EXISTS `tours`;
/*!40101 SET @saved_cs_client     = @@character_set_client */;
/*!50503 SET character_set_client = utf8mb4 */;
CREATE TABLE `tours` (
  `id` int NOT NULL AUTO_INCREMENT,
  `name` varchar(500) CHARACTER SET utf8 COLLATE utf8_unicode_ci DEFAULT NULL,
  `avatar` varchar(5000) CHARACTER SET utf8 COLLATE utf8_unicode_ci DEFAULT NULL,
  `tenanh` varchar(1000) CHARACTER SET utf8 COLLATE utf8_unicode_ci DEFAULT NULL,
  `gianguoilon` int DEFAULT NULL,
  `giatreem` int DEFAULT NULL,
  `giaembe` int DEFAULT NULL,
  `trailer` varchar(255) CHARACTER SET utf8 COLLATE utf8_unicode_ci DEFAULT NULL,
  `chitiettour` text CHARACTER SET utf8 COLLATE utf8_unicode_ci,
  `luuy` text CHARACTER SET utf8 COLLATE utf8_unicode_ci,
  `vitri` int DEFAULT NULL,
  `bando` varchar(5000) CHARACTER SET utf8 COLLATE utf8_unicode_ci DEFAULT NULL,
  `status` int DEFAULT NULL,
  `createdAt` datetime NOT NULL,
  `updatedAt` datetime NOT NULL,
  `thoigian` int DEFAULT NULL,
  `songuoi` int DEFAULT NULL,
  PRIMARY KEY (`id`)
) ENGINE=InnoDB AUTO_INCREMENT=20 DEFAULT CHARSET=utf8 COLLATE=utf8_unicode_ci;
/*!40101 SET character_set_client = @saved_cs_client */;

--
-- Dumping data for table `tours`
--

LOCK TABLES `tours` WRITE;
/*!40000 ALTER TABLE `tours` DISABLE KEYS */;
INSERT INTO `tours` VALUES ('1', 'Hạ Long: Vịnh Hạ Long - Hạ Long Park - Bãi Cháy', 'https://firebasestorage.googleapis.com/v0/b/test-8b330.appspot.com/o/imagestour%2Fpexels-foc-foodoncam-58597.jpg?alt=media&token=6ef8a99f-1d01-4a15-a5ed-16509b6b95c1', 'pexels-foc-foodoncam-58597.jpg', '2150000', '2150000', '2150000', 'iframe width=\"560\" height=\"315\" src=\"https://www.youtube.com/embed/hFIS0P-fmNE\" title=\"YouTube video player\" frameborder=\"0\" allow=\"accelerometer; autoplay; clipboard-write; encrypted-media; gyroscope; picture-in-picture\" allowfullscreen></iframe>', '<p style=\"margin-left: 10px;\"><strong><span style=\"font-size: 12px;\">Chương trình tour:</span></strong></p><p style=\"margin-left: 10px;\">\n</p><p style=\"margin-left: 10px;\"><span style=\"font-size: 12px;\"> NGÀY 01: TP.HCM - BÃI CHÁY (ĂN TRƯA, TỐI)</span></p><p style=\"margin-left: 10px;\">\n</p><p style=\"margin-left: 10px;\"><span style=\"font-size: 12px;\">NGÀY 02: HẠ LONG PARK&nbsp;- TP.HCM(ĂN SÁNG, TRƯA)</span></p>\n<p><br></p>\n<p><br></p>', '<p><strong>Lưu ý về việc mua đồ Hải Sản: - Trường hợp mua đồ hải sản phải được đựng trong thùng xốp dán kín và sạch sẽ. Lái xe có quyền từ chối vận chuyển nếu Quý khách mang theo đồ hải sản lên xe mà không được đóng gói cẩn thận. - Không mang bất kỳ đồ hải sản gì lên khoang ghế ngồi. Lái xe có quyền từ chối vận chuyển đồ hải sản nếu như Quý khách mua quá nhiều đồ hải sản và không có chỗ để trong cốp xe. Những lưu ý khác:</strong></p>', '1', '<iframe src=\"https://www.google.com/maps/embed?pb=!1m18!1m12!1m3!1d238568.48378680032!2d106.99443149413862!3d20.88703824528999!2m3!1f0!2f0!3f0!3m2!1i1024!2i768!4f13.1!3m3!1m2!1s0x314a5796518cee87%3A0x55c6b0bcc85478db!2zVuG7i25oIEjhuqEgTG9uZw!5e0!3m2!1svi!2s!4v1667032677323!5m2!1svi!2s\" width=\"600\" height=\"450\" style=\"border:0;\" allowfullscreen=\"\" loading=\"lazy\" referrerpolicy=\"no-referrer-when-downgrade\"></iframe>', '1', '2020-12-19 09:03:10', '2022-10-30 11:34:21', '2', '15'),('2', 'Phú Quốc', 'https://firebasestorage.googleapis.com/v0/b/test-8b330.appspot.com/o/imagestour%2Ftfd_221013104702_015306.jpg?alt=media&token=172a9d81-3de9-40b9-86b3-12f235dd0661', 'tfd_221013104702_015306.jpg', '7790000', '7790000', '0', '<iframe width=\"560\" height=\"315\" src=\"https://www.youtube.com/embed/__5mr_Xtb30\" title=\"YouTube video player\" frameborder=\"0\" allow=\"accelerometer; autoplay; clipboard-write; encrypted-media; gyroscope; picture-in-picture\" allowfullscreen></iframe>', '<p><span style=\"font-family: -apple-system, BlinkMacSystemFont, &quot;Segoe UI&quot;, Roboto, &quot;Helvetica Neue&quot;, Arial, &quot;Noto Sans&quot;, sans-serif, &quot;Apple Color Emoji&quot;, &quot;Segoe UI Emoji&quot;, &quot;Segoe UI Symbol&quot;, &quot;Noto Color Emoji&quot;;\">Ngày 1 - TP.HỒ CHÍ MINH - PHÚ QUỐC - GRAND WORLD (Ăn trưa, chiều)</span></p><ul><li>Quý khách tập trung tại Sân bay Tân Sơn Nhất, ga đi Trong Nước. Hướng dẫn viên làm thủ tục cho Quý khách chuyến bay đi Phú Quốc, xe đón đoàn tham quan&nbsp;Hon Thom Nature Park: </li><li>Trải nghiệm cáp treo xác lập kỷ lục thế giới mới&nbsp;“Cáp treo 3 dây vượt biển dài nhất thế giới - 7.899.9m” với góc nhìn 360 độ ngang qua Hòn Rỏi, Hòn Dừa và dừng chân tại Hòn Thơm. Chỉ khoảng 15 phút trên cáp treo, Quý khách sẽ những khoảnh khắc tuyệt vời với bức tranh biển trời tại Nam Đảo Phú Quốc.&nbsp;</li><li>Vui chơi tại một trong những bãi biển “quyến rũ nhất hành tinh”&nbsp;Hòn Thơm&nbsp;với bãi cát trắng mịn, hoang sơ, hàng dừa nghiêng soi bóng, màu nước biển xanh màu ngọc bích, phản chiếu long lanh dưới ánh nắng mặt trời.&nbsp;&nbsp;</li><li>Quý khách tham gia vào hành trình khám phá&nbsp;Công viên nước chủ đề hiện đại nhất Đông Nam Á Aquatopia, trải nghiệm 6 khu check in chủ đề hấp dẫn mang phong cách thổ dân huyền bí.&nbsp;&nbsp;</li><li>Thử thách với các hoạt động giải trí trên biển:&nbsp;kayak, jetki, dù lượn, phao chuối&nbsp;(chi phí tự túc). Buổi tối, Quý khách có thể tự do khám phá một số hạng mục nổi bật tại “thành phố không ngủ”&nbsp;Grand World&nbsp;như:&nbsp;&nbsp;</li><li>Check in&nbsp;Huyền thoại tre&nbsp;– công trình tre lớn nhất Việt Nam.&nbsp;</li><li>Tham quan&nbsp;Công viên Nghệ thuật Đương đại Urban Park&nbsp;- nơi quy tụ những tác phẩm nghệ thuật độc đáo ẩn mình giữa thiên nhiên, là sự giao thoa đặc sắc giữa nghệ thuật đương đại và thiên nhiên Đảo Ngọc.&nbsp;</li><li>Tản bộ bên dòng “kênh đào Venice”&nbsp;và nhìn ngắm những chiếc thuyền Gondola, khu phố shophouse lộng lẫy sắc màu, cổng lâu đài tráng lệ, ba cây cầu vòm bán nguyệt...&nbsp;</li><li>Thưởng thức bữa tiệc ánh sáng đỉnh cao với show diễn&nbsp;“Sắc màu Venice”.&nbsp;</li><li>Tham quan&nbsp;Bảo tàng Gấu Teddy&nbsp;nơi lưu giữ nhiều hiện vật quý giá và tái hiện chuyến phiêu lưu hài hước của “nhà thám hiểm tài ba” Teddy Jones&nbsp;(chi phí tự túc).&nbsp;</li><li> Mãn nhãn với chương trình biểu diễn nghệ thuật&nbsp;“Tinh Hoa Việt Nam” quy tụ hơn 200 diễn viên&nbsp;(chi phí tự túc). Nghỉ đêm tại Phú Quốc.</li></ul><p><span style=\"font-family: -apple-system, BlinkMacSystemFont, &quot;Segoe UI&quot;, Roboto, &quot;Helvetica Neue&quot;, Arial, &quot;Noto Sans&quot;, sans-serif, &quot;Apple Color Emoji&quot;, &quot;Segoe UI Emoji&quot;, &quot;Segoe UI Symbol&quot;, &quot;Noto Color Emoji&quot;;\">Ngày 2 - VUI CHƠI THỎA THÍCH TẠI CÔNG VIÊN CHỦ ĐỀ VINWONDERS PHÚ QUỐC - KHU BẢO TỒN THIÊN NHIÊN SAFARI (Ăn sáng, trưa, chiều)</span></p><ul><li><span style=\"font-family: -apple-system, BlinkMacSystemFont, &quot;Segoe UI&quot;, Roboto, &quot;Helvetica Neue&quot;, Arial, &quot;Noto Sans&quot;, sans-serif, &quot;Apple Color Emoji&quot;, &quot;Segoe UI Emoji&quot;, &quot;Segoe UI Symbol&quot;, &quot;Noto Color Emoji&quot;;\">Sau khi ăn sáng, Quý khách sẽ đến khám phá&nbsp;Vinpearl Safari Phú Quốc&nbsp;-Vườn Thú Bán Hoang Dã đầu tiên tại Việt Nam – với quy mô 180ha, với hơn 130 loài động vật quý hiếm và các chương trình Biểu diễn động vật, Chụp ảnh với động vật, Khám phá và trải nghiệm Vườn thú mở trong rừng tự nhiên, gần gũi và thân thiện với con người.&nbsp; Buổi chiều, Quý khách tham quan khám phá&nbsp;Khu vui chơi giải trí VinWonders&nbsp;- công viên chủ đề lớn nhất Việt Nam, quy mô hàng đầu Châu Á, du khách sẽ được:&nbsp; </span></li><li><span style=\"font-family: -apple-system, BlinkMacSystemFont, &quot;Segoe UI&quot;, Roboto, &quot;Helvetica Neue&quot;, Arial, &quot;Noto Sans&quot;, sans-serif, &quot;Apple Color Emoji&quot;, &quot;Segoe UI Emoji&quot;, &quot;Segoe UI Symbol&quot;, &quot;Noto Color Emoji&quot;;\">Trải nghiệm 12 nền văn minh nhân loại từ cổ chí kim;&nbsp;</span></li><li><span style=\"font-family: -apple-system, BlinkMacSystemFont, &quot;Segoe UI&quot;, Roboto, &quot;Helvetica Neue&quot;, Arial, &quot;Noto Sans&quot;, sans-serif, &quot;Apple Color Emoji&quot;, &quot;Segoe UI Emoji&quot;, &quot;Segoe UI Symbol&quot;, &quot;Noto Color Emoji&quot;;\">Khám phá 06 phân khu với hơn 100 hoạt động giải trí siêu độc lạ;&nbsp;</span></li><li><span style=\"font-family: -apple-system, BlinkMacSystemFont, &quot;Segoe UI&quot;, Roboto, &quot;Helvetica Neue&quot;, Arial, &quot;Noto Sans&quot;, sans-serif, &quot;Apple Color Emoji&quot;, &quot;Segoe UI Emoji&quot;, &quot;Segoe UI Symbol&quot;, &quot;Noto Color Emoji&quot;;\">Cuồng nhiệt tại&nbsp;Công Viên Nước&nbsp;lớn nhất Đông Nam Á;&nbsp;</span></li><li><span style=\"font-family: -apple-system, BlinkMacSystemFont, &quot;Segoe UI&quot;, Roboto, &quot;Helvetica Neue&quot;, Arial, &quot;Noto Sans&quot;, sans-serif, &quot;Apple Color Emoji&quot;, &quot;Segoe UI Emoji&quot;, &quot;Segoe UI Symbol&quot;, &quot;Noto Color Emoji&quot;;\"> Chinh phục 20 trò chơi mạo hiểm khủng nhất hành tinh như đường trượt nhanh nhất thế giới&nbsp;“Cơn thịnh nộ của Zeus”, đường trượt khô “Cuộc chiến Chằn tinh” cao 15m đầu tiên của Việt Nam, đường trượt trong nhà tối “Chiến binh Đại bàng” và “Lời nguyền Ác long” - trò chơi tương tác trong nhà tối đầu tiên của Việt Nam,…&nbsp;</span></li><li><span style=\"font-family: -apple-system, BlinkMacSystemFont, &quot;Segoe UI&quot;, Roboto, &quot;Helvetica Neue&quot;, Arial, &quot;Noto Sans&quot;, sans-serif, &quot;Apple Color Emoji&quot;, &quot;Segoe UI Emoji&quot;, &quot;Segoe UI Symbol&quot;, &quot;Noto Color Emoji&quot;;\"> Ngỡ ngàng với show diễn triệu đô&nbsp;Once&nbsp;đẳng cấp thế giới;&nbsp;</span></li><li><span style=\"font-family: -apple-system, BlinkMacSystemFont, &quot;Segoe UI&quot;, Roboto, &quot;Helvetica Neue&quot;, Arial, &quot;Noto Sans&quot;, sans-serif, &quot;Apple Color Emoji&quot;, &quot;Segoe UI Emoji&quot;, &quot;Segoe UI Symbol&quot;, &quot;Noto Color Emoji&quot;;\">Choáng ngợp trước thế giới đại dương huyền ảo với tầm nhìn vô cực qua tấm kính acrylic khổng lồ 8x25m bên trong&nbsp;Cung điện Hải vương - thủy cung hình rùa lớn nhất thế giới. Quý khách thưởng thức bữa tối tại VinWonders. Nghỉ đêm tại Phú Quốc.</span></li></ul><p><span style=\"font-family: -apple-system, BlinkMacSystemFont, &quot;Segoe UI&quot;, Roboto, &quot;Helvetica Neue&quot;, Arial, &quot;Noto Sans&quot;, sans-serif, &quot;Apple Color Emoji&quot;, &quot;Segoe UI Emoji&quot;, &quot;Segoe UI Symbol&quot;, &quot;Noto Color Emoji&quot;;\">Ngày 3 - PHÚ QUỐC - TP.HỒ CHÍ MINH (Ăn sáng)</span></p><ul><li style=\"margin-left: 10px;\"><span style=\"font-family: -apple-system, BlinkMacSystemFont, &quot;Segoe UI&quot;, Roboto, &quot;Helvetica Neue&quot;, Arial, &quot;Noto Sans&quot;, sans-serif, &quot;Apple Color Emoji&quot;, &quot;Segoe UI Emoji&quot;, &quot;Segoe UI Symbol&quot;, &quot;Noto Color Emoji&quot;;\">Qúy khách dùng bữa sáng, trả phòng khách sạn. Sau đó, xe đưa đoàn tham quan và mua sắm đặc sản nổi tiếng tại&nbsp;Vườn Tiêu Đức Thạnh, Nhà thùng nước mắm Hồng Đức 1, Đặc sản khô, Cơ sở sản xuất ngọc trai Phú Quốc&nbsp;- trưng bày các trang sức bằng ngọc trai chính hiệu được nuôi cấy tại Phú Quốc. Xe đưa Quý khách ra sân bay đáp chuyến bay trở về TP.Hồ Chí Minh. Chia tay Quý khách và kết thúc chương trình&nbsp;du lịch&nbsp;tại sân bay Tân Sơn Nhất.</span></li></ul>', '<ul><li>Việc điều chỉnh yêu cầu xét nghiệm covid và mũi tiêm có thể sẽ thay đổi theo quy định hiện hành của Cơ quan Quản lý Nhà nước có thẩm quyền. Vui lòng liên hệ nhân viên tư vấn để biết thêm chi tiết.</li></ul>', '1', '<iframe src=\"https://www.google.com/maps/embed?pb=!1m18!1m12!1m3!1d502579.0194120384!2d103.67721550926794!3d10.229401524535804!2m3!1f0!2f0!3f0!3m2!1i1024!2i768!4f13.1!3m3!1m2!1s0x31a78c62b49eda17%3A0x8aa79fbbdd72cdb!2zUGjDuiBRdeG7kWM!5e0!3m2!1svi!2s!4v1667033427247!5m2!1svi!2s\" width=\"600\" height=\"450\" style=\"border:0;\" allowfullscreen=\"\" loading=\"lazy\" referrerpolicy=\"no-referrer-when-downgrade\"></iframe>', '1', '2020-12-23 14:29:19', '2022-10-30 11:34:51', '3', '42'),('3', 'Đà Lạt - Thác Bobla - Mongo Land - Fresh Garden', 'https://firebasestorage.googleapis.com/v0/b/test-8b330.appspot.com/o/imagestour%2Ftfd_221004045037_166968.jpg?alt=media&token=9b499365-93f1-4876-9bb0-2ab936462ab4', 'tfd_221004045037_166968.jpg', '3790000', '3790000', '0', 'http://localhost:3000/admin/tour/suatour/23', '<p><strong>Ngày 1 - TP. HỒ CHÍ MINH - THÁC BOBLA - ĐÀ LẠT Số bữa ăn: 3 bữa (Ăn sáng, trưa, tối) Quý khách tập trung tại công ty&nbsp;Vietravel&nbsp;(190 Pasteur, P. Võ Thị Sáu, Q3, TP.HCM). </strong></p><ul><li>Đoàn khởi hành đi Đà Lạt và dùng bữa sáng. Trên đường, đoàn dừng chân tham quan:&nbsp;</li><li>Thác Bobla:&nbsp;tu viện được xây dựng vào năm 1988 với kiến trúc đậm chất Á Đông và được bao bọc bởi những đồi trà xanh mát. Không gian nơi đây cực kì yên tĩnh và thanh tịnh là nơi du khách có thể tĩnh tâm và thư thái.&nbsp;</li><li>Thiền viện Trúc Lâm:&nbsp;với quần thể công trình kiến trúc độc đáo, du khách còn được ngắm nhìn các vườn hoa xinh đẹp khoe sắc và toàn cảnh Hồ Tuyền Lâm với thiên nhiên, núi đồi, rừng thông Đà Lạt.&nbsp;</li><li>Sau bữa tối, xe đưa đoàn chiêm ngưỡng khung cảnh&nbsp;‘‘Thung Lũng Đèn’’&nbsp;về đêm tại&nbsp;quán cà phê Làng Vũ Thị&nbsp;và&nbsp;thưởng thức cốc cà phê/ ca cao nóng&nbsp;- một trong những nơi sở hữu view ngắm thung lũng đèn ‘‘hot’’ nhất Đà Lạt. Quý khách còn có dịp được tự tay nướng và thưởng thức những củ khoai lang thơm ngon giữa tiết trời se lạnh. (Chi phí tự túc) &nbsp; Nghỉ đêm tại Đà Lạt. &nbsp; &nbsp; </li></ul><p><strong>Ngày 2 - GA XE LỬA – F CÁNH ĐỒNG HOA – FRESH GARDEN Số bữa ăn: 3 bữa (Ăn sáng, trưa, tối)</strong> </p><ul><li>Đà Lạt chào đón du khách với không khí lạnh tràn về, sau khi dùng bữa sáng, xe đưa đoàn tham quan:&nbsp;</li><li>Ga xe lửa:&nbsp;đây được xem là nhà ga cổ kính nhất Việt Nam và Đông Dương, có phong cách kiến trúc độc đáo, có ba mái hình chóp, là cách điệu ba đỉnh núi Langbiang và nhà rông Tây Nguyên.&nbsp;</li><li>F Cánh Đồng Hoa:&nbsp;nằm ẩn mình trong một thung lũng bên sườn đồi thoai thoải, với một khoảng xanh mát của hoa và những bóng cây. Phía bên dưới là những cánh đồng hoa với muôn vàn màu sắc đua nhau nở rộ dưới một vùng trời tuyệt đẹp mang đậm chất Đà Lạt. Đến đây, Quý khách còn được thưởng thức các món nước được chế biến từ những loại trái cây tươi như: dâu tây, dưa lưới, chanh dây,... (chi phí tự túc).  Buổi chiều, đoàn tiếp tục tham quan:&nbsp;</li><li>Nhà Thờ Domain de Marie :&nbsp;theo dòng nữ tu Bác Ái, tọa lạc trên đồi Mai Anh, nổi bật với màu hồng sáng rực. Quý khách có thể chọn cho mình những món đồ từ len trong khuôn viên phía sau nhà thờ.&nbsp;</li><li>Fresh Garden:&nbsp;là một trong những khu&nbsp;du lịch&nbsp;có đồi hoa đẹp tại Đà Lạt với view rừng nguyên sinh. Đến đây, quý khách sẽ đắm chìm trong khung cảnh thiên nhiên rộng lớn đầy thơ mộng với ngàn hoa đua nở. Nổi bật giữa Fresh Garden là cánh đồng hoa bát ngát ngập sắc màu. Bên cạnh đó còn có các tiểu cảnh vô cùng độc đáo, mới lạ &amp; duy nhất như: đường hầm nhiệt đới, đường hầm thời gian, hồ view rừng, cổng trời,...  Nghỉ đêm tại Đà Lạt&nbsp; &nbsp; </li></ul><p><strong>Ngày 3 - KDL CAO NGUYÊN HOA – TỰ DO CHỢ ĐÀ LẠT Số bữa ăn: 2 bữa (Ăn sáng, trưa, tự túc ăn tối)</strong> </p><ul><li>Sau khi dùng bữa sáng tại khách sạn, xe đưa đoàn tham quan:  </li><li>KDL Cao Nguyên Hoa:&nbsp;với diện tích hơn 122ha, là nơi bảo tồn đa dạng sinh học đặc biệt là các lòai hoa thân gỗ không chỉ có ở Đà Lạt mà còn trên toàn Thế giới với mảng xanh của rừng - thảm cỏ tự nhiên rộng khắp, điểm xuyến những khóm hoa Thanh Anh nhẹ nhàng dọc lối đi. Đến đây Quý khách sẽ được trải nghiệm:&nbsp; - Quán Seven-T Coffee&nbsp;nằm giữa rừng thông với view 360° núi đồi xanh mát, bể bơi vô cực giữa rừng nhiệt đới&nbsp; - Xả stress và ghi lại những khoảnh khắc đẹp với&nbsp;Đà Lạt Swing&nbsp;– trò chơi “xích đu tiên” lớn nhất Việt Nam.&nbsp; - Rose Garden&nbsp;– Vườn hoa hồng với hàng trăm gốc hồng ngoại, hồng nội, hồng cổ thụ quý hiếm tỏa hương khoe sắc bốn mùa.&nbsp; - Con đường rừng nhiệt đới dẫn lối đến&nbsp;gốc si cổ thụ nghìn năm&nbsp;huyền bí và cổ kính.&nbsp; - Thoả sức chụp hình&nbsp;check in với&nbsp;dàn siêu xe&nbsp;cực chill, cực chất hay ngôi nhà phù thủy, đồi mai anh đào, đồi huệ sông nile, đồi hoa sim tím, đồi hoa hoàng yến,…  Đoàn dùng bữa trưa và về lại khách sạn tự do nghỉ ngơi. Buổi chiều Quý khách có thể lựa chọn tham gia các trải nghiệm độc đáo như:&nbsp;</li><li>Vào 16h30&nbsp;đón hoàng hôn và thưởng thức bữa tiệc âm nhạc cùng Amazing Show&nbsp;với không gian ngoài trời và có tầm nhìn xuống thành phố Đà Lạt thơ mộng. Hoặc vào 19h00&nbsp;thưởng thức những bản nhạc trữ tình xưa, nhạc Trịnh, nhạc Bolero tại ‘‘Âm sắc Đà Lạt – Cung Đàn Xưa’’, Quý khách có dịp trải nghiệm một phong cách sống “chậm” và tận hưởng từng phút giây, lưu giữ những khoảnh khắc tuyệt vời ở tận sâu trong tâm hồn mỗi người. (Chi phí tự túc)&nbsp;</li><li>Tham gia chương trình&nbsp;chèo thuyền Sup và ngắm hoàng hôn trên hồ Tuyền Lâm&nbsp;là hoạt động ngoài trời mang đến cho quý khách cảm xúc vui vẻ, thư giãn để thưởng thức cảnh đẹp của thiên nhiên trên hồ. Đặc biệt cùng chụp những bức hình “ sống ảo” rất chill,&nbsp;check-in bãi cỏ lau, rừng ngập nước,… thưởng thức ly trà, cà phê thơm lừng và xì xụp mì ly xúc xích. (Chi phí tự túc)&nbsp;</li><li>Trải nghiệm tắm khoáng nóng &amp; xông hơi tại Dlat’s&nbsp;giúp bạn thư giãn và nghỉ ngơi, giải tỏa căng thẳng (Chi phí tự túc)  ***Lưu ý: Chi phí vé và đi lại tự túc***  Buổi tối Quý khách tự do tản bộ Chợ Đà Lạt thưởng thức sữa đậu nành và bánh tráng nướng tại khu phố Tăng Bạt Hổ.  Nghỉ đêm tại Đà Lạt. &nbsp; </li></ul><p><strong>Ngày 4 - ĐÀ LẠT – MONGO LAND - TP. HỒ CHÍ MINH Số bữa ăn: 2 bữa (Ăn sáng, trưa) </strong></p><ul><li>Sau khi dùng bữa sáng tại khách sạn, xe đưa đoàn tham quan:&nbsp;</li><li>Mongo Land:&nbsp;mang&nbsp;vẻ đẹp hoàn toàn mới lạ - một \"tiểu Mông Cổ thu nhỏ\" trong lòng Đà Lạt được thiết kế như một nông trại với những chiếc lều đủ màu sắc. Tất cả đều được bài trí độc đáo, bắt mắt theo phong cách Mông Cổ đặc trưng. Đến đây, ngoài việc tận hưởng bầu không khí trong lành và chiêm ngưỡng vẻ đẹp của thiên nhiên hùng vĩ, Quý khách sẽ được trải nghiêm: -&nbsp;Thỏa thích chụp ảnh tại&nbsp;lều mông cổ, xích đu, nông trại âu, thảm cỏ, sa mạc xương rồng,… - Hòa mình vào thế giới của động vật:&nbsp;hươu sao, dê mini, cừu, thỏ Việt, thỏ Holland Lop Hà Lan, thỏ Sư Tử, chim Yến, Chinchilla, sóc Chipmunk,…&nbsp;và tự tay cho thú ăn (thức ăn sẽ được Mongo Land chuẩn bị sẵn cho quý khách). - Tham gia các hoạt động vui chơi như:&nbsp;trượt cỏ, bắn cung -&nbsp;Trở&nbsp;thành những cô nàng, chàng trai du mục thực thụ&nbsp;khi diện trên mình trang phục người Mông Cổ. (Chi phí thuê trang phục tự túc).  Đoàn dừng tại Bảo Lộc dùng cơm trưa, sau đó khởi hành về điểm đón ban đầu. Chia tay đoàn và kết thúc chương trình&nbsp;du lịch.</li></ul>', '<p>Việc điều chỉnh yêu cầu xét nghiệm covid và mũi tiêm có thể sẽ thay đổi theo quy định hiện hành của Cơ quan Quản lý Nhà nước có thẩm quyền. Vui lòng liên hệ nhân viên tư vấn để biết thêm chi tiết.</p>', '1', '<iframe src=\"https://www.google.com/maps/embed?pb=!1m18!1m12!1m3!1d249857.11401077948!2d108.31063156140674!3d11.903876282718!2m3!1f0!2f0!3f0!3m2!1i1024!2i768!4f13.1!3m3!1m2!1s0x317112fef20988b1%3A0xad5f228b672bf930!2zVHAuIMSQw6AgTOG6oXQsIEzDom0gxJDhu5NuZywgVmnhu4d0IE5hbQ!5e0!3m2!1svi!2s!4v1667034136487!5m2!1svi!2s\" width=\"600\" height=\"450\" style=\"border:0;\" allowfullscreen=\"\" loading=\"lazy\" referrerpolicy=\"no-referrer-when-downgrade\"></iframe>', '1', '2020-12-24 02:26:55', '2022-10-30 11:37:53', '4', '20'),('7', 'Anh quốc', 'https://firebasestorage.googleapis.com/v0/b/test-8b330.appspot.com/o/imagestour%2Fanhquoc.jpg?alt=media&token=b1e4b758-d133-4d5b-9184-2c444b0023a0', 'anhquoc.jpg', '5000000', '3000000', '1000000', '<iframe width=\"560\" height=\"315\" src=\"https://www.youtube.com/embed/G2IHrtUnYvY\" frameborder=\"0\" allow=\"accelerometer; autoplay; clipboard-write; encrypted-media; gyroscope; picture-in-picture\" allowfullscreen></iframe>', '<h1 class=\"title-page\" style=\"box-sizing: border-box; line-height: normal; margin: 0px 0px 5px; padding: 0px; font-size: 20px; color: rgb(25, 139, 73); font-family: Roboto-B; font-weight: normal; font-style: normal; font-variant-ligatures: normal; font-variant-caps: normal; letter-spacing: normal; orphans: 2; text-align: start; text-indent: 0px; text-transform: none; white-space: normal; widows: 2; word-spacing: 0px; -webkit-text-stroke-width: 0px; background-color: rgb(255, 255, 255); text-decoration-thickness: initial; text-decoration-style: initial; text-decoration-color: initial;\">8 địa điểm du lịch Anh Quốc nổi tiếng bạn không thể bỏ qua</h1><div class=\"c10\" style=\"box-sizing: border-box; clear: both; height: 10px; color: rgb(0, 0, 0); font-family: Arial, Helvetica, sans-serif; font-size: 14px; font-style: normal; font-variant-ligatures: normal; font-variant-caps: normal; font-weight: 400; letter-spacing: normal; orphans: 2; text-align: start; text-indent: 0px; text-transform: none; white-space: normal; widows: 2; word-spacing: 0px; -webkit-text-stroke-width: 0px; background-color: rgb(255, 255, 255); text-decoration-thickness: initial; text-decoration-style: initial; text-decoration-color: initial;\"><br></div><p class=\"intro-detail\" style=\"box-sizing: border-box; font-size: 13px; color: rgb(0, 0, 0); font-family: Arial, Helvetica, sans-serif; font-style: normal; font-variant-ligatures: normal; font-variant-caps: normal; font-weight: 400; letter-spacing: normal; orphans: 2; text-align: start; text-indent: 0px; text-transform: none; white-space: normal; widows: 2; word-spacing: 0px; -webkit-text-stroke-width: 0px; background-color: rgb(255, 255, 255); text-decoration-thickness: initial; text-decoration-style: initial; text-decoration-color: initial;\"><br></p><div style=\"box-sizing: border-box; color: rgb(0, 0, 0); font-family: Arial, Helvetica, sans-serif; font-size: 14px; font-style: normal; font-variant-ligatures: normal; font-variant-caps: normal; font-weight: 400; letter-spacing: normal; orphans: 2; text-indent: 0px; text-transform: none; white-space: normal; widows: 2; word-spacing: 0px; -webkit-text-stroke-width: 0px; background-color: rgb(255, 255, 255); text-decoration-thickness: initial; text-decoration-style: initial; text-decoration-color: initial; text-align: justify;\"><span style=\"box-sizing: border-box; line-height: 2;\"><span style=\"box-sizing: border-box; font-size: 16px;\">Nếu bạn là một người yêu thích<span>&nbsp;</span><a href=\"https://www.dulichdaiviet.com/tour-chau-au/\" target=\"_blank\" style=\"box-sizing: border-box; text-decoration: none;\"><span style=\"box-sizing: border-box; color: rgb(0, 102, 255);\"><strong style=\"box-sizing: border-box;\">du lịch Châu Âu</strong></span></a>, thì nước Anh chắc chắn là một địa điểm mà bạn không thể bỏ qua. Xứ sở sương mù chứa đựng nền văn hóa và di sản nghệ thuật hết sức phong phú và đa dạng. Mỗi thành phố lớn ở Anh đều có các nhà hát Opera, bảo tàng, nhà trưng bày nghệ thuật đầy tráng lệ được cả thế giới biết đến.<span>&nbsp;</span><span style=\"box-sizing: border-box; color: rgb(0, 102, 255);\"><strong style=\"box-sizing: border-box;\">Du lịch Vương quốc Anh</strong></span>, bạn sẽ không thể bỏ qua những địa điểm nổi tiếng sau đây.</span></span></div><p style=\"box-sizing: border-box; color: rgb(0, 0, 0); font-family: Arial, Helvetica, sans-serif; font-size: 14px; font-style: normal; font-variant-ligatures: normal; font-variant-caps: normal; font-weight: 400; letter-spacing: normal; orphans: 2; text-align: start; text-indent: 0px; text-transform: none; white-space: normal; widows: 2; word-spacing: 0px; -webkit-text-stroke-width: 0px; background-color: rgb(255, 255, 255); text-decoration-thickness: initial; text-decoration-style: initial; text-decoration-color: initial;\"><br></p><div class=\"c10\" style=\"box-sizing: border-box; clear: both; height: 10px; color: rgb(0, 0, 0); font-family: Arial, Helvetica, sans-serif; font-size: 14px; font-style: normal; font-variant-ligatures: normal; font-variant-caps: normal; font-weight: 400; letter-spacing: normal; orphans: 2; text-align: start; text-indent: 0px; text-transform: none; white-space: normal; widows: 2; word-spacing: 0px; -webkit-text-stroke-width: 0px; background-color: rgb(255, 255, 255); text-decoration-thickness: initial; text-decoration-style: initial; text-decoration-color: initial;\"><br></div><div class=\"content-detail\" style=\"box-sizing: border-box; text-align: justify; color: rgb(0, 0, 0); font-family: Arial, Helvetica, sans-serif; font-size: 14px; font-style: normal; font-variant-ligatures: normal; font-variant-caps: normal; font-weight: 400; letter-spacing: normal; orphans: 2; text-indent: 0px; text-transform: none; white-space: normal; widows: 2; word-spacing: 0px; -webkit-text-stroke-width: 0px; background-color: rgb(255, 255, 255); text-decoration-thickness: initial; text-decoration-style: initial; text-decoration-color: initial;\"><h2 style=\"box-sizing: border-box; line-height: normal; text-align: justify;\"><span style=\"box-sizing: border-box; color: rgb(0, 128, 0);\"><span style=\"box-sizing: border-box; font-size: 18px;\"><strong style=\"box-sizing: border-box;\"><span style=\"box-sizing: border-box; line-height: 2;\">1. Thủ đô London</span></strong></span></span></h2><div style=\"box-sizing: border-box; text-align: justify;\"><span style=\"box-sizing: border-box; line-height: 2;\"><span style=\"box-sizing: border-box; font-size: 16px;\">Nằm ở phía Đông Nam nước Anh, ngay bên bờ sông Thames hiền hòa, thủ đô London xa hoa và tráng lệ như một tòa thành, tòa lâu đài trong những trang truyện cổ tích. London được ví như một thế giới thu nhỏ, khi sở hữu nhiều các công trình, di tích lịch sử, các bảo tàng, phòng trưng bày nghệ thuật, công viên cây xanh, khu mua sắm, khu vui chơi và cả một thành phố nhộn nhịp dưới lòng đất.</span></span></div><p style=\"box-sizing: border-box; text-align: center;\"><img alt=\"Thủ đô London\" src=\"https://www.dulichdaiviet.com/uploaded/anh-cam-nang-dl/cam-nang-dl-chau-au/8-diadiem-dulich-anhquoc-noitieng/8-diadiem-dulich-anhquoc-noitieng-gvt-1.jpg\" style=\"box-sizing: border-box; border: none; max-width: 100%; width: 700px; height: 393px;\"></p><div style=\"box-sizing: border-box; text-align: justify;\"><span style=\"box-sizing: border-box; line-height: 2;\"><span style=\"box-sizing: border-box; font-size: 16px;\">Thành phố London là thủ đô của Vương quốc Anh từ thế kỷ V sau khi người La Mã rút khỏi Anh. Cùng với những cố gắng không ngừng, thành phố London đã xây dựng được hệ thống cơ sở vật chất hiện đại với nhiều trung tâm buôn bán lớn. London cũng là trung tâm tài chính - kinh tế toàn cầu, đơn vị tiền tệ bảng Anh là đơn vị tiền tệ có giá trị cao nhất trên thế giới.</span></span></div><p style=\"box-sizing: border-box; text-align: justify;\"><span style=\"box-sizing: border-box; line-height: 2;\"><span style=\"box-sizing: border-box; font-size: 16px;\">Du lịch ở&nbsp;Anh,&nbsp;bạn hãy dừng chân tại&nbsp;London để tham quan những địa điểm đẹp nổi tiếng thành phố này như: tháp Big Ben, cầu Tower Bridge bắc qua sông Thames, cung điện Westminster, cung điện Buckingham, hai bảo tàng lớn là Victoria và Albert...</span></span></p><p style=\"box-sizing: border-box; text-align: center;\"><img alt=\"Thành phố London\" src=\"https://www.dulichdaiviet.com/uploaded/anh-cam-nang-dl/cam-nang-dl-chau-au/8-diadiem-dulich-anhquoc-noitieng/8-diadiem-dulich-anhquoc-noitieng-gvt-2.jpg\" style=\"box-sizing: border-box; border: none; max-width: 100%; font-size: 16px; text-align: center; width: 700px; height: 466px;\"></p><p style=\"box-sizing: border-box; text-align: justify;\"><strong style=\"box-sizing: border-box; color: rgb(178, 34, 34); font-size: 16px; text-align: justify;\">Vòng xoay thiên niên kỷ (London Eye):&nbsp;</strong><span style=\"box-sizing: border-box; line-height: 2;\"><span style=\"box-sizing: border-box; font-size: 16px;\">Đến với thành phố sương mù London (Anh), bạn chắc hẳn nên chiêm ngưỡng Vòng xoay thiên niên kỷ -&nbsp;vòng xoay cao nhất châu Âu và cũng là niềm tự hào của người dân Anh quốc. Còn có tên gọi khác là London Eye, từ trên vòng xoay này, bạn có thể bao quát toàn bộ khung cảnh của thủ đô London. Từ đây, bạn &nbsp;có thể tham quan cầu tháp London bắc ngang dòng sông Thames cách London Eye chưa đến 3 dặm. Du lịch London vào mùa xuân và hè là khoảng thời gian mà cảnh sắc nơi đây trong lành và sống động nhất trong năm.</span></span></p><p style=\"box-sizing: border-box; text-align: center;\"><img alt=\"London Eye - Vòng xoay thiên niên kỷ\" src=\"https://www.dulichdaiviet.com/uploaded/anh-cam-nang-dl/cam-nang-dl-chau-au/8-diadiem-dulich-anhquoc-noitieng/8-diadiem-dulich-anhquoc-noitieng-gvt-3.jpg\" style=\"box-sizing: border-box; border: none; max-width: 100%; width: 700px; height: 466px;\"><br style=\"box-sizing: border-box;\"><span style=\"box-sizing: border-box; font-size: 14px;\"><em style=\"box-sizing: border-box;\"><span style=\"box-sizing: border-box; text-align: justify;\">London Eye - Vòng xoay thiên niên kỷ, niềm tự hào của người dân Anh quốc.</span></em></span></p><p style=\"box-sizing: border-box; text-align: justify;\"><span style=\"box-sizing: border-box; font-size: 16px; text-align: justify;\"><span style=\"box-sizing: border-box; color: rgb(178, 34, 34);\"><strong style=\"box-sizing: border-box;\">Đồng hồ Big Ben:</strong></span>&nbsp;</span><span style=\"box-sizing: border-box; line-height: 2;\"><span style=\"box-sizing: border-box; font-size: 16px;\">Biểu tượng của thành phố - Đồng hồ Big Ben (nay đã đổi tên thành đồng hồ Elizabeth). Từ điểm tham quan tháp Big Ben, chỉ mất chút thời gian đi tàu điện ngầm, du khách có thể dễ dàng ghé thăm cung điện BuckingHam, chụp hình với đài tưởng niệm nữ hoàng Victoria và vườn hoa xung quanh khuôn viên điện.</span></span></p><p style=\"box-sizing: border-box; text-align: center;\"><img alt=\"Tháp đòng hồ Big Ben - đồng hồ Elizabeth\" src=\"https://www.dulichdaiviet.com/uploaded/anh-cam-nang-dl/cam-nang-dl-chau-au/8-diadiem-dulich-anhquoc-noitieng/8-diadiem-dulich-anhquoc-noitieng-gvt-4.jpg\" style=\"box-sizing: border-box; border: none; max-width: 100%; width: 700px; height: 466px;\"><br style=\"box-sizing: border-box;\"><em style=\"box-sizing: border-box;\"><span style=\"box-sizing: border-box; font-size: 14px;\">Tháp đòng hồ Big Ben - đồng hồ Elizabeth</span></em></p><p style=\"box-sizing: border-box; text-align: justify;\"><span style=\"box-sizing: border-box; line-height: 2;\"><span style=\"box-sizing: border-box; font-size: 16px;\">Nếu du lịch Anh quốc vào tầm cuối năm (đặc biệt là tháng 12), bạn sẽ được tận hưởng tiết trời lạnh có tuyết rơi và sương mù, điều khiến London được ví von với tên gọi “thành phố sương mù” vốn có của mình. Nhưng dù có ghé thăm London ở mùa nào, du khách thập phương chắc hẳn cũng sẽ xao xuyến mãi với thành phố này không muốn rời đi. Bởi vậy người ta thường có câu nói “When a man is tired of London, he is tired of life” để chỉ sức cuốn hút của đất thủ đô Anh này.</span></span></p><p style=\"box-sizing: border-box; text-align: center;\"><img alt=\"Cầu tháp London - Tower Bridge\" src=\"https://www.dulichdaiviet.com/uploaded/anh-cam-nang-dl/cam-nang-dl-chau-au/8-diadiem-dulich-anhquoc-noitieng/8-diadiem-dulich-anhquoc-noitieng-gvt-5.jpg\" style=\"box-sizing: border-box; border: none; max-width: 100%; width: 700px; height: 467px;\"><br style=\"box-sizing: border-box;\"><span style=\"box-sizing: border-box; line-height: 2;\"><em style=\"box-sizing: border-box;\"><span style=\"box-sizing: border-box; font-size: 14px;\">Cầu tháp London bắc qua sông Thames lộng lẫy về chiều</span></em></span></p><p style=\"box-sizing: border-box; text-align: justify;\"><span style=\"box-sizing: border-box; line-height: 2;\"><span style=\"box-sizing: border-box; font-size: 16px;\">Có ai đó đã ví nước Anh như một cô gái mang trên mình nét đẹp đằm thắm sâu sắc và thủ đô London chính là đôi mắt hút hồn của người con gái ấy. Người ta nhớ đến Anh và London với những bản tình ca nổi tiếng đi cùng tháng năm, những đêm đèn lên lộng lẫy cả một khoảng trời mà vẫn rất đỗi yên bình, hay những ngày sương mù lất phất mưa khiến cả thành phố bỗng trở nên mờ ảo tựa chốn thiên đường ngủ yên nào đó. Cũng vì lẽ đó, trong hành trình du lịch Anh, bạn sẽ không thể quên ghé chân đến thủ đô London nổi tiếng.</span></span></p><p style=\"box-sizing: border-box; text-align: center;\"><span style=\"box-sizing: border-box; line-height: 2;\"><span style=\"box-sizing: border-box; font-size: 16px;\"><img alt=\"Cung điện Buckingham\" src=\"https://www.dulichdaiviet.com/uploaded/anh-cam-nang-dl/cam-nang-dl-chau-au/8-diadiem-dulich-anhquoc-noitieng/8-diadiem-dulich-anhquoc-noitieng-gvt-6.jpg\" style=\"box-sizing: border-box; border: none; max-width: 100%; width: 700px; height: 367px;\"></span><br style=\"box-sizing: border-box;\"><em style=\"box-sizing: border-box;\"><span style=\"box-sizing: border-box; font-size: 14px;\">Cung điện BuckingHam</span></em></span></p><h2 style=\"box-sizing: border-box; line-height: normal; text-align: justify;\"><strong style=\"box-sizing: border-box;\"><span style=\"box-sizing: border-box; color: rgb(0, 128, 0);\"><span style=\"box-sizing: border-box; font-size: 18px;\"><span style=\"box-sizing: border-box; line-height: 2;\">2. Thành phố Cambridge</span></span></span></strong></h2><div style=\"box-sizing: border-box; text-align: justify;\"><span style=\"box-sizing: border-box; line-height: 2;\"><span style=\"box-sizing: border-box; font-size: 16px;\">Cambridge được biết đến là thành phố lớn thứ hai và đồng thời là trung tâm hành chính của CambridgeshirCam. Thành phố đầy quyến rũ nằm trên sông Cam phía bắc London. Địa điểm nổi tiếng là trung tâm văn hóa, giải trí ở miền đông nước Anh với bề dày văn hóa đặc sắc, hấp dẫn khách du lịch hằng năm.</span></span></div><div style=\"box-sizing: border-box; text-align: center;\"><img alt=\"Cambridge\" src=\"https://www.dulichdaiviet.com/uploaded/anh-cam-nang-dl/cam-nang-dl-chau-au/8-diadiem-dulich-anhquoc-noitieng/8-diadiem-dulich-anhquoc-noitieng-gvt-7.jpg\" style=\"box-sizing: border-box; border: none; max-width: 100%; width: 700px; height: 466px;\"><br style=\"box-sizing: border-box;\"><em style=\"box-sizing: border-box;\"><span style=\"box-sizing: border-box; font-size: 14px;\"><span style=\"box-sizing: border-box; line-height: 2;\">Thành phố Cambridge vừa thanh bình vừa uy nghi với những tòa nhà cổ kính, tĩnh lặng.</span></span></em></div>&nbsp;<div style=\"box-sizing: border-box; text-align: justify;\"><span style=\"box-sizing: border-box; line-height: 2;\"><span style=\"box-sizing: border-box; font-size: 16px;\">Thăm quan thành phố Cambridge, du khách sẽ bị thu hút bởi những tòa nhà cổ kính với những mái vòm xinh xắn, xen kẽ là con hẻm nhỏ nhưng sạch đẹp. Đặc biệt bạn sẽ yêu mến nơi đây bới sự hiếu khách, dễ mến của người dân bản xứ. Điểm đặc biệt nhất của thành phố Cambridge là nó nằm bao bọc dòng sông Cam, vì thế bạn có thể đi trên những con thuyền và khám phá các học viện, trường Đại học cổ kính dọc bờ sông Cam thơ mộng.</span></span></div>&nbsp;<div style=\"box-sizing: border-box; text-align: center;\"><img alt=\"Cầu Than Thở (Bridge of sighs)\" src=\"https://www.dulichdaiviet.com/uploaded/anh-cam-nang-dl/cam-nang-dl-chau-au/8-diadiem-dulich-anhquoc-noitieng/8-diadiem-dulich-anhquoc-noitieng-gvt-8.jpg\" style=\"box-sizing: border-box; border: none; max-width: 100%; width: 700px; height: 393px;\"></div><div style=\"box-sizing: border-box; text-align: center;\"><em style=\"box-sizing: border-box;\"><span style=\"box-sizing: border-box; font-size: 14px;\"><span style=\"box-sizing: border-box; line-height: 2;\">Dọc theo bờ sông Cam, bạn sẽ đi ngang qua chiếc cầu Than Thở (Bridge of sighs) với lối kiến trúc khá quen thuộc của Châu Âu.</span></span></em></div>&nbsp;<div style=\"box-sizing: border-box; text-align: justify;\"><span style=\"box-sizing: border-box; line-height: 2;\"><span style=\"box-sizing: border-box; font-size: 16px;\">Không chỉ là một địa điểm du lịch nổi tiếng ở Anh, nói đến thành phố Cambridge bạn sẽ nghĩ đến những trường đại học nổi tiếng thế giới, với lượng du học sinh khổng lồ. Đây cũng là nơi toạ lạc của nhiều trường Đại học và Cao đẳng danh tiếng như: Cambridge University, Cambridge Regional College, Long Road Sixth Form College, Hills Road Sixth Form College… Trong đó, được biết đến nhiều nhất là trường Đại học Cambridge, một trong những trường đứng đầu nước Anh và trên toàn thế giới về chất lượng đào tạo, trình độ sinh viên.</span></span></div><p style=\"box-sizing: border-box; text-align: center;\"><img alt=\"Đại học ở Cambridge\" src=\"https://www.dulichdaiviet.com/uploaded/anh-cam-nang-dl/cam-nang-dl-chau-au/8-diadiem-dulich-anhquoc-noitieng/8-diadiem-dulich-anhquoc-noitieng-gvt-9.jpg\" style=\"box-sizing: border-box; border: none; max-width: 100%; font-size: 16px; text-align: center; width: 700px; height: 436px;\"><br style=\"box-sizing: border-box;\"><span style=\"box-sizing: border-box; line-height: 2;\"><em style=\"box-sizing: border-box;\"><span style=\"box-sizing: border-box; font-size: 14px;\"><span style=\"box-sizing: border-box; text-align: justify;\">Các trường Đại học ở Cambridge đều có môi trường học tập với trang thiết bị giảng dạy hiện đại và những giảng viên chuyên nghiệp nhất.</span></span></em></span></p></div>', '<p>amen</p>', '2', '<iframe src=\"https://www.google.com/maps/embed?pb=!1m18!1m12!1m3!1d4945546.974651445!2d-6.814227719413861!3d52.75352118913385!2m3!1f0!2f0!3f0!3m2!1i1024!2i768!4f13.1!3m3!1m2!1s0x47d0a98a6c1ed5df%3A0xf4e19525332d8ea8!2zQW5oLCBWxrDGoW5nIFF14buRYyBBbmg!5e0!3m2!1svi!2s!4v1608797250554!5m2!1svi!2s\" width=\"600\" height=\"450\" frameborder=\"0\" style=\"border:0;\" allowfullscreen=\"\" aria-hidden=\"false\" tabindex=\"0\"></iframe>', '1', '2020-12-24 08:09:34', '2022-11-23 08:00:28', '4', '20'),('8', 'Pháp - Luxembourg - Bỉ - Hà Lan - Đức', 'https://firebasestorage.googleapis.com/v0/b/test-8b330.appspot.com/o/imagestour%2Fphap.jpg?alt=media&token=43aa8d9d-aba6-4e81-8bf6-eddf45509f4a', 'phap.jpg', '6500000', '4000000', '3500000', 'https://travel.com.vn/tourNDSGN841-021-041122XE-V-F/mien-tay-chau-doc-nui-cam-rung-tram-tra-su-can-tho-cho-noi-cai-rang-khach-san-2sao-3sao.aspx', '<p style=\"text-align: justify;\"><strong>Ngày 1 - TP. HỒ CHÍ MINH&nbsp;</strong></p><ul><li>Trưởng đoàn&nbsp;Vietravel&nbsp;đón Quý khách tại Ga đi Quốc tế sân bay Tân Sơn Nhất. Đoàn làm thủ tục lên chuyến bay tới&nbsp;Paris&nbsp;– Thủ đô nước Pháp, được biết đến với tên gọi “Kinh đô ánh sáng”. &nbsp;(Chuyến bay quá cảnh tùy theo hàng không). </li></ul><p style=\"text-align: justify;\"><strong>Ngày 2 - PARIS (Ăn trưa, ăn tối)</strong> </p><ul><li>Tới Paris, Quý khách làm thủ tục nhập cảnh. Xe đón đoàn khám phá thủ đô Paris xinh đẹp: chụp hình&nbsp;Cung điện Hoàng gia&nbsp;- từng là nơi ở của Hồng Y Richelieu, nay là nơi đặt trụ sở của một số cơ quan Chính phủ Pháp thiên đường nghệ thuật của nước Pháp,&nbsp;Bảo tàng Lourve -&nbsp;chiêm ngưỡng mô hình Kim Tự Tháp bằng kính (Pyramid) nằm ở chính giữa sân Napoléon. Sau bữa trưa, đoàn tiếp tục tham quan&nbsp;Bảo tàng nước hoa Fragonard&nbsp;– được xây dựng trên nền của một nhà hát cổ, sau đó được nâng cấp trong suốt 2 năm để trở thành nơi trình diễn lịch sử độc đáo cũng như quy trình, kỹ thuật chế tạo các loại nước hoa. Chụp hình với&nbsp;Khải Hoàn Môn&nbsp;nằm cuối đại lộ Champs-Elysees có thiết kế lấy cảm hứng từ các công trình cổ đại; ngắm nhìn&nbsp;tháp Eiffel&nbsp;– biểu tượng của kinh đô Pháp. Ăn tối và nhận phòng khách sạn nghỉ ngơi.&nbsp;</li><li>Ngày 3 - PARIS – CUNG ĐIỆN VERSAILLES (Ăn sáng, trưa, tối)</li><li> Ăn sáng tại khách sạn. Quý khách khởi hành tới&nbsp;Lâu đài Versailles&nbsp;cổ kính - nơi lưu giữ những tinh hoa nghệ thuật Pháp thể kỉ 17 và 18. Đây một trong những minh chứng về thời hoàng kim của nền quân chủ Pháp, với khu vườn hoàng gia tuyệt đẹp. Sau bữa trưa, đoàn tự do mua sắm tại&nbsp;La Valle Village&nbsp;– địa điểm lý tưởng để sở hữu các mặt hàng hiệu với giá cả hợp lý mà các tín đồ mua sắm không thể bỏ qua. Ăn tối và trở về khách sạn nghỉ ngơi.&nbsp;</li></ul><p style=\"text-align: justify;\"><strong>Ngày 4 - PARIS – REIMS: THỬ RƯỢU CHAMPAGNE (Ăn sáng, trưa, tối)</strong> </p><ul><li>Ăn sáng và trả phòng khách sạn. Xe đưa đoàn đến&nbsp;Reims&nbsp;– thành phố của những vị vua hay còn được biết&nbsp; đến là thành phố của rượu Champagne. Quý khách tham quan&nbsp;nhà thờ&nbsp;Đức&nbsp;Bà Reims&nbsp;– lớn hơn cả nhà thờ Đức Bà tại Paris và là nơi các vị vua nước Pháp làm lễ đăng quang từ thế kỷ X đến thế kỷ XIX; chụp hình bên ngoài Cung điện&nbsp;Palais du Tau&nbsp;– từ là nơi ở của các hoàng đế Pháp trước khi làm lễ lên ngôi tại nhà thờ Đức Bà Reims. Sau bữa trưa, đoàn tìm hiểu quy trình làm rượu và&nbsp;thưởng thức rượu Champagne,&nbsp;thành phố Reims được biết đến như ‘thủ phủ’ của loại rượu nổi tiếng này. Ăn tối và nhận phòng khách sạn nghỉ ngơi. &nbsp;&nbsp;</li></ul><p style=\"text-align: justify;\"><strong>Ngày 5 - REIMS – LUXEMBOURG (Ăn sáng, trưa, tối)</strong> </p><ul><li>Ăn sáng và trả phòng khách sạn. Đoàn khởi hành đi&nbsp;Luxembourg&nbsp;- thủ đô của Đại Công Quốc Luxembourg, được bình chọn là một trong những nơi đáng sống của Thế giới. Sau bữa trưa, đoàn bắt đầu tham quan&nbsp;khu phố cổ&nbsp;để cảm nhận sự yên bình, đa văn hoá của vùng đất nằm giữa biên giới văn hoá Châu Âu gốc Roman và German. Chụp hình bên ngoài:&nbsp;Cung điện Grand Ducal, Pháo đài lịch sử Thungen&nbsp;- một thành trì vững chắc của cả người Áo và người Phổ trong nhiều thế kỷ, Phố cổ ngủ yên trên vách đá Grund,&nbsp;Lâu đài Casemates du Bock&nbsp;và&nbsp;Nhà thờ&nbsp;Đức&nbsp;Bà Luxembourg&nbsp;mang vẻ đẹp trang nghiêm nhờ lối kiến trúc Gothic, kết hợp trang hoàng theo lối Phục hưng. Ăn tối và về nhận phòng khách sạn nghỉ ngơi. &nbsp;&nbsp;</li></ul><p style=\"text-align: justify;\"><strong>Ngày 6 - LUXEMBOURG – BRUSSELS – BRUGES (Ăn sáng, trưa, tối)</strong> </p><ol><li>Ăn sáng và trả phòng khách sạn. Đoàn di chuyển đến&nbsp;Brussels&nbsp;-&nbsp;Thủ đô của Vương Quốc&nbsp;Bỉ.&nbsp;&nbsp;Đoàn dừng chân chụp hình bên ngoài&nbsp;Mô hình Atomium&nbsp;với cấu trúc nguyên tử khổng lồ, đường kính một khối cầu là 18m;&nbsp;Quảng Trường La Grande&nbsp;- xây vào thế kỷ XI với nền lát đá hoa cương, được UNESCO ghi vào danh sách di sản văn hóa của nhân loại và từng được Đại văn hào Victor Hugo ca tụng là \"quảng trường đẹp nhất thế giới\" vì được bảo tồn tốt nhất châu Âu; biểu tượng của Vương Quốc Bỉ&nbsp;Manneken Pis&nbsp;- tượng chú bé đang “tè”. Đoàn rời Brussels, đoàn xuất phát đến&nbsp;Bruges. Ăn tối và trở về khách sạn nghỉ ngơi.&nbsp;</li></ol><p style=\"text-align: justify;\"><strong>Ngày 7 - BRUGES - AMSTERDAM (Ăn sáng, trưa, tối)</strong> </p><ul><li>Ăn sáng và trả phòng khách sạn. hành trình khám phá&nbsp;Bruges&nbsp;- một trong những thành phố thơ mộng bậc nhất của&nbsp;Bỉ&nbsp;và được UNESCO công nhận là di sản văn hóa thế giới. Đoàn chụp hình tại&nbsp;Cây cầu&nbsp;và&nbsp;Hồ Tình Yêu&nbsp;lãng mạn trong khung cảnh yên bình, yên ả giữa lòng thành phố nhộn nhịp, khám phá lời tương truyền về tình yêu và cây cầu này;&nbsp;Quảng trường lớn Mark&nbsp;- nơi có tòa tháp chuông Belfort, trung tâm của Bruges và được bao bọc bởi nhiều tòa nhà, cửa hàng theo lối Gothic. Sau bữa trưa, khởi hành đi&nbsp;Amsterdam&nbsp;– Thủ đô của đất nước&nbsp;Hà Lan&nbsp;xinh đẹp. Ăn tối và nhận phòng khách sạn nghỉ ngơi.&nbsp;</li></ul><p style=\"text-align: justify;\"><strong>Ngày 8 - AMSTERDAM – ZAANSE SCHANS (Ăn sáng, trưa, tối)</strong> </p><ul><li>Ăn sáng tại khách sạn. Quý khách khởi hành tham quan khu đồng quê&nbsp;Zaanse Schans&nbsp;với những ngôi nhà xinh xắn được xây dựng từ thế kỷ 17 - 18, và tái tạo để trở thành một viện bảo tàng sinh thái rất sinh động với những cối xay gió còn hoạt động, xưởng làm guốc gỗ, xưởng sản xuất phomai. Sau bữa trưa, đoàn tham quan Trung Tâm&nbsp;Thương Mại Kim Cương&nbsp;Amsterdam, chụp hình tại&nbsp;Cung điện Hoàng gia, tự do khám phá&nbsp;Quảng trường Dam&nbsp;nổi tiếng. Du thuyền trên&nbsp;sông Amstel.&nbsp;Ăn tối và trở về khách sạn nghỉ ngơi. &nbsp;&nbsp;</li></ul><p style=\"text-align: justify;\"><strong>Ngày 9 - AMSTERDAM – MONSCHAU – FRANKFURT (Ăn sáng, trưa, tối)</strong> </p><ul><li>Ăn sáng và trả phòng khách sạn. Quý khách khởi hành đến&nbsp;thị trấn cổ Monschau&nbsp;– viên ngọc của vùng Eifel, nằm sát biên giới&nbsp;Đức&nbsp;–&nbsp;Bỉ. Thị trấn được thành lập từ thế kỷ XII, hiện còn lưu giữ lối kiến trúc cổ, nhà gỗ, đường lát đá với không gian yên tĩnh cùng bầu không khí trong lành. Sau bữa trưa, xe tiếp tục đưa đoàn đến thành phố&nbsp;Frankfurt. Quý khách ăn tối và nhận phòng khách sạn nghỉ ngơi. Ngày 10 - FRANKFURT – TP. HỒ CHÍ MINH (Ăn sáng) Ăn sáng và trả phòng khách sạn. Xe đưa đoàn ra phi trường đón chuyến bay về Việt nam (Chuyến bay quá cảnh tùy theo hàng không).&nbsp;</li></ul><p style=\"text-align: justify;\"><strong>Ngày 11 - TP. HỒ CHÍ MINH</strong> </p><ul><li>Tại sân bay Tân Sơn Nhất, Trưởng đoàn&nbsp;Vietravel&nbsp;chào tạm biệt Quý khách. Kết thúc chuyến tham quan.</li></ul>', '<p>Việc điều chỉnh yêu cầu xét nghiệm covid và mũi tiêm có thể sẽ thay đổi theo quy định hiện hành của Cơ quan Quản lý Nhà nước có thẩm quyền. Vui lòng liên hệ nhân viên tư vấn để biết thêm chi tiết.</p>', '2', '<iframe src=\"https://www.google.com/maps/embed?pb=!1m18!1m12!1m3!1d11583553.324750625!2d-15.448854668834112!3d44.861970112556264!2m3!1f0!2f0!3f0!3m2!1i1024!2i768!4f13.1!3m3!1m2!1s0xd54a02933785731%3A0x6bfd3f96c747d9f7!2zUGjDoXA!5e0!3m2!1svi!2s!4v1667035816737!5m2!1svi!2s\" width=\"600\" height=\"450\" style=\"border:0;\" allowfullscreen=\"\" loading=\"lazy\" referrerpolicy=\"no-referrer-when-downgrade\"></iframe>', '1', '2020-12-24 08:14:11', '2022-10-30 10:06:16', '11', '20'),('11', 'Singapore', 'https://firebasestorage.googleapis.com/v0/b/test-8b330.appspot.com/o/imagestour%2Ft%E1%BA%A3i%20xu%E1%BB%91ng%20(2).jfif?alt=media&token=12fcc429-d900-48b8-9c52-a35fee8381db', 'tải xuống (2).jfif', '10990000', '10990000', '0', 'https://travel.com.vn/tourNDSGN841-021-041122XE-V-F/mien-tay-chau-doc-nui-cam-rung-tram-tra-su-can-tho-cho-noi-cai-rang-khach-san-2sao-3sao.aspx', '<p><span style=\"font-family: -apple-system, BlinkMacSystemFont, &quot;Segoe UI&quot;, Roboto, &quot;Helvetica Neue&quot;, Arial, &quot;Noto Sans&quot;, sans-serif, &quot;Apple Color Emoji&quot;, &quot;Segoe UI Emoji&quot;, &quot;Segoe UI Symbol&quot;, &quot;Noto Color Emoji&quot;;\"><strong>Ngày 1 - TP.HỒ CHÍ MINH - SINGAPORE (Ăn tối)</strong> </span></p><ul><li><span style=\"font-family: -apple-system, BlinkMacSystemFont, &quot;Segoe UI&quot;, Roboto, &quot;Helvetica Neue&quot;, Arial, &quot;Noto Sans&quot;, sans-serif, &quot;Apple Color Emoji&quot;, &quot;Segoe UI Emoji&quot;, &quot;Segoe UI Symbol&quot;, &quot;Noto Color Emoji&quot;;\">Trưởng đoàn&nbsp;Vietravel&nbsp;đón Quý khách tại cổng hẹn ở sân bay Tân Sơn Nhất làm thủ tục đáp chuyến bay đi Singapore. Xe và hướng dẫn viên địa phương đón đoàn tại sân bay Changi, Quý khách tham quan&nbsp;Jewel Changi -&nbsp;sự kết hợp giữa thiên nhiên với sức sáng tạo của con người; đặc sắc Quý khách có thể chiêm ngưỡng Rain Vortex cao 40m, đây là thác nước trong nhà cao nhất thế giới. Sau đó đi ăn tối, về khách sạn nhận phòng nghỉ ngơi hoặc tự do khám phá Singapore về đêm. </span></li></ul><p><span style=\"font-family: -apple-system, BlinkMacSystemFont, &quot;Segoe UI&quot;, Roboto, &quot;Helvetica Neue&quot;, Arial, &quot;Noto Sans&quot;, sans-serif, &quot;Apple Color Emoji&quot;, &quot;Segoe UI Emoji&quot;, &quot;Segoe UI Symbol&quot;, &quot;Noto Color Emoji&quot;;\"><strong>Ngày 2 - SINGAPORE: (Ăn sáng, trưa, tối)</strong> </span></p><ul><li><span style=\"font-family: -apple-system, BlinkMacSystemFont, &quot;Segoe UI&quot;, Roboto, &quot;Helvetica Neue&quot;, Arial, &quot;Noto Sans&quot;, sans-serif, &quot;Apple Color Emoji&quot;, &quot;Segoe UI Emoji&quot;, &quot;Segoe UI Symbol&quot;, &quot;Noto Color Emoji&quot;;\">Sau khi ăn sáng tại khách sạn. Đoàn khởi hành khám phá Đảo Quốc Sư Tử biển, tham quan bên ngoài&nbsp;Tòa nhà quốc hội, Công viên Sư Tử Biển, Nhà hát Victoria, Nhà hát Esplanade.&nbsp;Sau bữa trưa, Quý khách tham quan khu vườn sinh thái đặc biệt mang tên&nbsp;Bay South Garden&nbsp;với hệ thống “siêu cây” năng lượng mặt trời. Khu vườn nằm trong dự án Gardens by the Bay, dự án công viên sinh thái lớn nhất Singapore nhằm nâng cao chất lượng cuộc sống, giữ được màu xanh cho đô thị sầm uất. Toàn bộ dự án có tổng diện tích 101 ha, được chia làm 3 khu riêng biệt là: Bay South, Bay East và Bay Central. Quý khách sẽ có cơ hội trải nghiệm khi hậu mát mẻ của những vùng Địa Trung Hải cận nhiệt đớit tại&nbsp;Khu vườn thực vật (Flower Dome)&nbsp;là nơi sinh sống của 30.000 thực vật trên 150 loài, trải khấp 9 khu vườn. Đồng thời trải nghiệm cảm giác hồi hộp và thích thú khi bước chân trên&nbsp;OCBC Skyway&nbsp;- Đường đi bộ trên không dài 128m nối giữa hai siêu cây, rất thích hợp để đi bộ vào bất cứ thời điểm nào, nơi có thể ngắm nhìn toàn bộ khu vườn và khung cảnh thành phố vịnh khu Marina Bay từ trên cao. Tại Cloud Forest ở Gardens by the Bay sẽ ra mắt khu&nbsp;Avatar: The Experience.&nbsp;Sự kiện hấp dẫn này dựa trên bộ phim bom tấn toàn cầu Avatar và sự hợp tác với thiết kế độc đáo giữa Cityneon Holdings, những trải nghiệm đặc trưng dựa trên các địa điểm ở Disney, và James Cameron, Jon Landau’s Lightstorm Entertainment. Quý khách sẽ được trải nghiệm phiên bản đời thực của Pandora – hành tinh hư cấu đóng vai trò bối cảnh chính của Avatar, những thác nước xếp tầng, cây cối um tùm ẩn hiện giữa sương mù, các lối đi bí ẩn và sinh vật huyền bí sinh trưởng trong môi trường quang sinh học (Chi phí tự túc).  Đoàn dùng bữa tối và về lại khách sạn nghỉ ngơi.&nbsp;  Quý khách tự do vui chơi về đêm. Dành cho ai muốn ngắm cảnh đêm từ trên cao, nên đến&nbsp;khu SkyPark của Marina Bay Sands®, tại đây du khách có thể ngắm toàn cảnh 360 độ của khu vực Vịnh Marina và đường chân trời đẹp mê hồn của thành phố, kết hợp thưởng thức một ly cocktail sẽ làm tăng thêm sự lãng mạn, ngọt ngào. Hay thỏa thích mua sắm tại khu&nbsp;Trung Tâm Orchard - “thiên đường mua sắm”&nbsp;với những trung tâm thương mại sang trọng.</span></li></ul><p><span style=\"font-family: -apple-system, BlinkMacSystemFont, &quot;Segoe UI&quot;, Roboto, &quot;Helvetica Neue&quot;, Arial, &quot;Noto Sans&quot;, sans-serif, &quot;Apple Color Emoji&quot;, &quot;Segoe UI Emoji&quot;, &quot;Segoe UI Symbol&quot;, &quot;Noto Color Emoji&quot;;\"><strong>Ngày 3 - SINGAPORE – ĐẢO SENTOSA (Ăn sáng, trưa, tối)</strong></span></p><ul><li><span style=\"font-family: -apple-system, BlinkMacSystemFont, &quot;Segoe UI&quot;, Roboto, &quot;Helvetica Neue&quot;, Arial, &quot;Noto Sans&quot;, sans-serif, &quot;Apple Color Emoji&quot;, &quot;Segoe UI Emoji&quot;, &quot;Segoe UI Symbol&quot;, &quot;Noto Color Emoji&quot;;\"> Ăn sáng tại khách sạn. Đoàn khởi hành đi ngắm nhìn toàn cảnh đất nước Singapore xinh đẹp từ đỉnh&nbsp;Mount Faber.&nbsp;Tham quan xưởng sản xuất kim cương (Diamond Industry) và cửa hàng dầu xanh (Habour Mart). Sau bữa trưa, xe đưa đoàn sang tham quan&nbsp;đảo Sentosa,&nbsp;chụp ảnh bên ngoài Universal, Casino.... Tự do mua sắm đến giờ hẹn. Sau bữa ăn tối. Quý khách thưởng thức&nbsp;“Wings of Time”&nbsp;– một chương trình hoàn toàn mới lạ và hấp dẫn lần đầu tiên có mặt tại Singapore với sự pha trộn giữa hiệu ứng phun lửa, robot phun nước áp lực cao kết hợp cùng đèn LED đầy màu sắc và hệ thống đèn Lazer hiện đại tạo nên hiệu ứng 3D sống động và độc đáo. Chương trình được trình diễn tại bãi biển Siloso xinh đẹp cùng màn trình diễn pháo hoa hoành tráng hứa hẹn sẽ để lại cho du khách những ấn tượng khó quên Trở về khách sạn tự do nghỉ ngơi tại khách sạn 3 sao.&nbsp;</span></li></ul><p><span style=\"font-family: -apple-system, BlinkMacSystemFont, &quot;Segoe UI&quot;, Roboto, &quot;Helvetica Neue&quot;, Arial, &quot;Noto Sans&quot;, sans-serif, &quot;Apple Color Emoji&quot;, &quot;Segoe UI Emoji&quot;, &quot;Segoe UI Symbol&quot;, &quot;Noto Color Emoji&quot;;\"><strong>Ngày 4 - SINGAPORE - TP.HỒ CHÍ MINH:</strong></span></p><ul><li>(Ăn sáng) Ăn sáng tại khách sạn. Làm thủ tục trả phòng và đi tham quan&nbsp;Phật Nha Tự tại khu phố Tàu và di chuyển ra sân bay quốc tế Changi làm thủ tục đón chuyến bay về nước. Về đến sân bay Tân Sơn Nhất, kết thúc chuyến tham quan. Trưởng đoàn&nbsp;Vietravel&nbsp;chia tay và hẹn gặp lại Quý khách trong những chương trình sau.</li></ul>', '<ul style=\"box-sizing: border-box; padding-left: 2rem; margin-top: 0px; margin-bottom: 1rem; color: rgb(45, 66, 113); font-family: roboto, sans-serif; font-size: 15px; font-style: normal; font-variant-ligatures: normal; font-variant-caps: normal; font-weight: 400; letter-spacing: normal; orphans: 2; text-align: start; text-indent: 0px; text-transform: none; white-space: normal; widows: 2; word-spacing: 0px; -webkit-text-stroke-width: 0px; background-color: rgb(255, 255, 255); text-decoration-thickness: initial; text-decoration-style: initial; text-decoration-color: initial;\"><li style=\"box-sizing: border-box; text-align: justify;\">Việc điều chỉnh yêu cầu xét nghiệm covid và mũi tiêm có thể sẽ thay đổi theo quy định hiện hành của Cơ quan Quản lý Nhà nước có thẩm quyền. Vui lòng liên hệ nhân viên tư vấn để biết thêm chi tiết.</li></ul>', '2', '<iframe src=\"https://www.google.com/maps/embed?pb=!1m18!1m12!1m3!1d255281.2254473876!2d103.70415856086468!3d1.3139961236309334!2m3!1f0!2f0!3f0!3m2!1i1024!2i768!4f13.1!3m3!1m2!1s0x31da11238a8b9375%3A0x887869cf52abf5c4!2sSingapore!5e0!3m2!1svi!2s!4v1667035509364!5m2!1svi!2s\" width=\"600\" height=\"450\" style=\"border:0;\" allowfullscreen=\"\" loading=\"lazy\" referrerpolicy=\"no-referrer-when-downgrade\"></iframe>', '1', '2020-12-24 08:33:32', '2022-11-23 08:00:06', '4', '20'),('21', 'Sun World Ba Na Hills', 'https://firebasestorage.googleapis.com/v0/b/test-8b330.appspot.com/o/imagestour%2Ft%E1%BA%A3i%20xu%E1%BB%91ng%20(1).jfif?alt=media&token=26f49503-109b-4917-b5f4-8f9ddeed60f4', 'tải xuống (1).jfif', '1200000', '599999', '0', '<iframe width=\"560\" height=\"315\" src=\"https://www.youtube.com/embed/IJXVzQTwz_A\" title=\"YouTube video player\" frameborder=\"0\" allow=\"accelerometer; autoplay; clipboard-write; encrypted-media; gyroscope; picture-in-picture\" allowfullscreen></iframe>', '<p>Khám phá Vương Quốc mặt trời rồi chu du ở Vương Quốc Mặt Trăng</p>', '<p>Đến với Sun World Ba Na Hills, du khách sẽ được trải nghiệm khí hậu bốn mùa trong một ngày, chu du trên những tuyến cáp treo, đắm chìm trong cảnh quan thiên nhiên của những cánh rừng nguyên sinh nối tiếp ở Bà Nà Núi Chúa, thưởng thức ẩm thực đa dạng và tận hưởng không khí lễ hội ngập tràn.<br></p>', '1', '<iframe src=\"https://www.google.com/maps/embed?pb=!1m18!1m12!1m3!1d3834.749699376705!2d108.03260399999999!3d16.026540099999995!2m3!1f0!2f0!3f0!3m2!1i1024!2i768!4f13.1!3m3!1m2!1s0x0%3A0x5c53b85f61797909!2sSun%20World%20B%C3%A0%20N%C3%A0%20Hills!5e0!3m2!1svi!2s!4v1666857087032!5m2!1svi!2s\" width=\"600\" height=\"450\" style=\"border:0;\" allowfullscreen=\"\" loading=\"lazy\" referrerpolicy=\"no-referrer-when-downgrade\"></iframe>', '1', '2022-05-20 14:24:40', '2022-10-29 07:47:27', '2', '1'),('22', 'Nhật Bản ', 'https://firebasestorage.googleapis.com/v0/b/test-8b330.appspot.com/o/imagestour%2Fivivu-chua-vang-nhat-ban-kinkaku-ji-1-750x390.gif?alt=media&token=f9ccb40c-3212-48ad-a9a5-0dd6d1741904', 'ivivu-chua-vang-nhat-ban-kinkaku-ji-1-750x390.gif', '39990000', '31990000', '0', '<iframe width=\"560\" height=\"315\" src=\"https://www.youtube.com/embed/g3aEcwfZf0M\" title=\"YouTube video player\" frameborder=\"0\" allow=\"accelerometer; autoplay; clipboard-write; encrypted-media; gyroscope; picture-in-picture\" allowfullscreen></iframe>', '\n<p><br>\n<strong>NGÀY 01: SÀI GÒN – TOKYO ( NGHỈ ĐÊM TRÊN MÁY BAY)</strong></p><ul><li>\n20:00 Hướng dẫn Viên công ty đón quý khách tại Tân Sơn Nhất, làm thủ tục cho quý khách bay đi Nhật Bản trên chuyến bay SGN - HND. Quý khách dùng bữa sáng trên máy bay của hãng hàng không 5***** All Nippon Airways – Nhật Bản.</li><li>\n\nQuý khách cần có: Xác nhận Vaccine COVID -19 03 mũi tiêm chủng theo quy định (tiếng Anh hoặc song ngữ)</li></ul><p>\n\n<strong>NGÀY 01: TOKYO – OSAKA ( ĂN SÁNG TRÊN MÁY BAY, TRƯA, TỐI)</strong></p><ul><li>\n06:55 Đến Tokyo, đoàn đáp sân bay Haneda - một trong những sân bay lớn và nhộn nhịp nhất thế giới cũng như khu vực châu Á. HDV địa phương đón Quý đoàn và bắt đầu chuyến hành trình khám phá “Đất nước mặt trời mọc”.</li><li>\n\n- Đền Meiji-jingu ngôi đại đền Thần đạo này là nơi dành riêng cho Thiên hoàng Minh Trị (1852 – 1912) vị thiên hoàng đầu tiên của Nhật Bản hiện đại.</li></ul>', '<p>Thông tin Visa<br>\nĐể tạo điều kiện cho việc xét duyệt visa được nhanh chóng, Quý khách vui lòng chuẩn bị &amp; hoàn tất hồ sơ theo hướng dẫn sau đây:</p>', '2', '<iframe src=\"https://www.google.com/maps/embed?pb=!1m18!1m12!1m3!1d1662934.3594375744!2d138.64843295341615!3d35.50628920029186!2m3!1f0!2f0!3f0!3m2!1i1024!2i768!4f13.1!3m3!1m2!1s0x605d1b87f02e57e7%3A0x2e01618b22571b89!2zVMO0a3nDtCwgTmjhuq10IELhuqNu!5e0!3m2!1svi!2s!4v1666960017740!5m2!1svi!2s\" width=\"600\" height=\"450\" style=\"border:0;\" allowfullscreen=\"\" loading=\"lazy\" referrerpolicy=\"no-referrer-when-downgrade\"></iframe>', '1', '2022-10-28 12:29:07', '2022-10-30 10:06:46', '7', '20'),('23', 'Quy Nhơn : KDL Hầm Hô - Kỳ Co - Eo Gió - Chùa Ông Núi', 'https://firebasestorage.googleapis.com/v0/b/test-8b330.appspot.com/o/imagestour%2Fivivu-eo-gio.gif?alt=media&token=68843f07-e527-44f8-8f3c-33d7ab639db3', 'ivivu-eo-gio.gif', '3650000', '3193750', '0', '<iframe width=\"560\" height=\"315\" src=\"https://www.youtube.com/embed/Wm7iM-Bn6rs\" title=\"YouTube video player\" frameborder=\"0\" allow=\"accelerometer; autoplay; clipboard-write; encrypted-media; gyroscope; picture-in-picture\" allowfullscreen></iframe>', '<p>ĐÊM 1: TP. HCM -  QUY NHƠN/DIÊU TRÌ<br>\nTối: Hướng dẫn viên (HDV) đón khách tại Ga Sài Gòn đón chuyến tàu SQN2, SQN4 khởi hành đi Quy Nhơn/Diêu Trì, Quý khách ăn tối tự túc trước khi lên tàu, nghỉ đêm trên xe lửa (Ký hiệu tàu có thể thay đổi tuỳ thuộc vào thời gian quý khách đặt tour).<br>\n\nNGÀY 1: QUY NHƠN – KỲ CO/EO GIÓ - CHÙA ÔNG NÚI (ĂN SÁNG, TRƯA, TỐI)<br>\nSáng: Tàu đến ga Diêu Trì, xe và HDV đón khách về nhà hàng làm vể sinh cá nhân và dùng điểm tâm sáng.<br>\n\nĐoàn khởi hành Tham quan: Eo Gió – một ghềnh đá quanh năm lộng gió. Đứng trên Eo Gió, phóng tầm mắt ra xa, quý khách chiêm ngưỡng bao quát cả vùng biển bao la rộng lớn, đắm say lòng người. </p>', '<p>GIÁ KHÔNG ÁP DỤNG GIAI ĐOẠN LỄ TẾT.</p>', '1', '<iframe src=\"https://www.google.com/maps/embed?pb=!1m18!1m12!1m3!1d247992.63760301922!2d108.95706573561229!3d13.78580768173612!2m3!1f0!2f0!3f0!3m2!1i1024!2i768!4f13.1!3m3!1m2!1s0x316f6c65736eabd9%3A0xd362348e5af3d559!2zUXV5IE5oxqFuLCBCw6xuaCDEkOG7i25oLCBWaeG7h3QgTmFt!5e0!3m2!1svi!2s!4v1666960988524!5m2!1svi!2s\" width=\"600\" height=\"450\" style=\"border:0;\" allowfullscreen=\"\" loading=\"lazy\" referrerpolicy=\"no-referrer-when-downgrade\"></iframe>', '1', '2022-10-28 12:44:15', '2022-10-30 11:35:22', '3', '20'),('24', 'Miền Tây - Châu Đốc - Núi Cấm - Cần Thơ - Chợ Nổi Cái Răng', 'https://firebasestorage.googleapis.com/v0/b/test-8b330.appspot.com/o/imagestour%2Ftfd_220726050449_724849.jpg?alt=media&token=13953f71-7f29-4aa1-8287-ee9a9c40405f', 'tfd_220726050449_724849.jpg', '2990000', '2990000', '0', 'https://travel.com.vn/tourNDSGN841-021-041122XE-V-F/mien-tay-chau-doc-nui-cam-rung-tram-tra-su-can-tho-cho-noi-cai-rang-khach-san-2sao-3sao.aspx', '<p style=\"text-align: justify;\"><strong>Ngày 1 - TP.HCM - TRI TÔN - THẤT SƠN HUYỀN BÍ - NÚI CẤM - CHÙA TÀ PẠ - CHÂU ĐỐC - MIẾU BÀ CHÚA XỨ (Ăn sáng, trưa, chiều)</strong> </p><ul><li style=\"text-align: justify;\">Quý khách tập trung tại&nbsp;Vietravel&nbsp;(190 Pasteur, Quận 3, Tp.HCM), khởi hành đi An Giang theo&nbsp;tuyến cao tốc Trung Lương,&nbsp;chinh phục&nbsp;cầu Vàm Cống: cầu dây văng lớn thứ hai nối liền đôi bờ Sông Hậu, được khánh thành trong sự háo hức của hàng vạn người dân sau bao năm chờ mong.  Sau khi ăn trưa, Quý khách di chuyển theo&nbsp;cung đường Tri Tôn,&nbsp;thưởng ngoạn những cánh đồng trải dài bất tận&nbsp;dọc đường đi đang vào mùa xanh mơn mởn thẳng cánh cò bay xen lẫn hàng thốt nốt đặc trưng vùng biên giới An Giang (tùy theo mùa và điều kiện thời tiết)  Đoàn dừng chân vãn cảnh&nbsp;chùa Tà Pạ:&nbsp;khám phá nét văn hóa đặc sắc của Phật Giáo Nam Tông, phóng tầm mắt nhìn ngắm toàn bộ cảnh quan thị trấn Tri Tôn và những cánh đồng trải dài bất tận của vùng Tà Pạ.  Tiếp tục hành trình, Quý khách chinh phục&nbsp;ngọn núi cao nhất&nbsp;trong dãy&nbsp;Thất Sơn huyền bí&nbsp;và cũng là&nbsp;ngọn núi thiêng nhất&nbsp;trong vùng Bảy Núi - An Giang&nbsp;bằng cáp treo dài 3,5 km&nbsp;vượt qua những ngọn cây, mặt hồ phẳng lặng như tìm về chốn an yên cho tâm hồn (chi phí cáp treo tự túc)  - Tham quan&nbsp;Lâm Viên Núi Cấm&nbsp;(hay Thiên Cấm Sơn - núi Ông Cấm): được ví như “Nóc nhà của khu vực Đồng bằng sông Cửu Long” nằm ở độ cao trên 705 mét quanh năm mát mẻ, phong cảnh sơn thủy hữu tình với các cảnh đẹp ngoạn mục như:&nbsp;Hồ Thủy Liêm; Tượng phật Di Lặc lớn nhất trên đỉnh núi ở châu Á cao 33,60 mét; Chùa Vạn Linh&nbsp;uy nghi với bảo tháp 9 tầng cao 35 mét, nơi linh thiêng để Quý khách cầu mong những điều an nhiên và bình an trong cuộc sống. Sau khi ăn tối, Quý khách khám phá Châu Đốc với các điểm tâm linh quan trọng dưới chân núi Sam. -&nbsp;Miếu Bà Chúa Xứ núi Sam:&nbsp;nơi linh thiêng để du khách gửi gắm những lời nguyện cầu đến Bà. - Lăng ông Thoại Ngọc Hầu:&nbsp;với công đức vời vợi trong công cuộc xây dựng con kênh Vĩnh Tế vĩ đại.&nbsp; - Tây An Cổ Tự:&nbsp;kết hợp mẫu mực của phong cách nghệ thuật Ấn Độ và kiến trúc cổ dân tộc đầu tiên tại Việt Nam  Nghỉ đêm tại TP.Châu Đốc. </li></ul><p style=\"text-align: justify;\"><strong style=\"font-family: -apple-system, BlinkMacSystemFont, &quot;Segoe UI&quot;, Roboto, &quot;Helvetica Neue&quot;, Arial, &quot;Noto Sans&quot;, sans-serif, &quot;Apple Color Emoji&quot;, &quot;Segoe UI Emoji&quot;, &quot;Segoe UI Symbol&quot;, &quot;Noto Color Emoji&quot;;\">Ngày 2 - CHÂU ĐỐC - RỪNG TRÀM TRÀ SƯ - CẦN THƠ (Ăn sáng, trưa, chiều)</strong></p><ul><li style=\"text-align: justify;\">Buổi sáng, Quý khách trả phòng và khởi hành tham quan: - Tự do mua sắm đặc sản ngon nổi tiếng tại&nbsp;chợ Châu Đốc&nbsp;- nơi được mệnh danh “Vương quốc mắm” của miền Tây. - Rừng tràm Trà Sư:&nbsp;có tổng diện tích gần 1.500 héc-ta cùng hệ sinh thái động-thực vật đa dạng. Du khách di chuyển bằng xuồng máy hay những chiếc ghe để len lỏi giữa các lối đi nhỏ xuyên qua khu rừng tràm ngắm nhìn những mảng bèo xanh ngát trải dài (vào mùa nước nổi). Ngoài ra, du khách có thể check-in&nbsp;bến tàu được thiết kế theo mô hình tổ chim trên cao ngộ nghĩnh độc đáo; “Cây Cầu Tre Vạn Bước” dài nhất Việt Nam&nbsp;- được cách điệu tựa “Rồng trúc bạch” mang lại một cảm giác thích thú cho mọi người khi được khám phá trọn vẹn cảnh quan thiên nhiên nguyên sinh trù phú ở “Bảo tàng Tràm nhiệt đới.  Sau khi ăn trưa, đoàn khởi hành đến Cần Thơ nhận phòng khách sạn nghỉ ngơi. Buổi tối, Quý khách tự do dạo phố đêm khám phá “Tây Đô”&nbsp;lung linh sắc màu: ngắm cảnh&nbsp;cầu Cần Thơ&nbsp;về đêm; check-in&nbsp;cầu Tình Yêu&nbsp;- thiết kế uốn lượn hình chữ S cùng hai đài sen và hệ thống đèn led rực rỡ sắc màu; chụp ảnh tại&nbsp;chùa Ông&nbsp;cổ kính; khám phá&nbsp;chợ Đêm Ninh Kiều&nbsp;và&nbsp;con đường bích họa Cần Thơ Xưa Và Nay&nbsp;- tái hiện nét đẹp văn hóa của người dân Cần Thơ nói riêng, vùng Đồng bằng sông Cửu Long nói chung.  Nghỉ đêm tại Cần Thơ.&nbsp; </li></ul><p style=\"text-align: justify;\"><strong>Ngày 3 - CẦN THƠ - CHỢ NỔI CÁI RĂNG - LÀNG DU LỊCH MỸ KHÁNH - TP.HCM (Ăn sáng, trưa)</strong> </p><ul><li style=\"text-align: justify;\">Xe đưa Quý khách đến&nbsp;bến Ninh Kiều, xuống thuyền du ngoạn trên&nbsp;sông Cần Thơ,&nbsp;ngắm&nbsp;cầu Quang Trung, đến&nbsp;chợ nổi Cái Răng -&nbsp;một hình thức họp chợ đặc trưng của vùng Đồng Bằng Sông Cửu Long, Quý khách tự do thưởng thức và chọn mua đặc sản Miền Tây (chi phí tự túc). Quý khách tham quan: -&nbsp;Làng Du Lịch Mỹ Khánh:&nbsp;điểm&nbsp;du lịch&nbsp;sinh thái hấp dẫn với các trò chơi dân gian vui nhộn như câu cá, chèo thuyền trên sông, đua heo… và tham quan nhà cổ. -&nbsp;Thiền Viện Trúc Lâm Phương Nam:&nbsp;một trong những ngôi thiền viện rộng nhất khu vực Đồng bằng sông Cửu Long, tham quan lầu trống, lầu chuông, lễ Phật tại chánh điện  Khởi hành về TP.HCM, đến nơi đưa đoàn về điểm đón ban đầu, kết thúc chương trình du lịch.</li></ul>', '<ul><li>Việc điều chỉnh yêu cầu xét nghiệm covid và mũi tiêm có thể sẽ thay đổi theo quy định hiện hành của Cơ quan Quản lý Nhà nước có thẩm quyền. Vui lòng liên hệ nhân viên tư vấn để biết thêm chi tiết.</li></ul>', '1', '<iframe src=\"https://www.google.com/maps/embed?pb=!1m18!1m12!1m3!1d125459.29542012869!2d105.01990564007738!3d10.687892939977827!2m3!1f0!2f0!3f0!3m2!1i1024!2i768!4f13.1!3m3!1m2!1s0x310a26a5c48cb379%3A0x6fc7a0cf9abf3c8f!2zVHAuIENow6J1IMSQ4buRYywgQW4gR2lhbmcsIFZp4buHdCBOYW0!5e0!3m2!1svi!2s!4v1667035213893!5m2!1svi!2s\" width=\"600\" height=\"450\" style=\"border:0;\" allowfullscreen=\"\" loading=\"lazy\" referrerpolicy=\"no-referrer-when-downgrade\"></iframe>', '1', '2022-10-29 09:22:02', '2022-11-23 08:05:44', '2', '20'),('25', 'New Zealand', 'https://firebasestorage.googleapis.com/v0/b/test-8b330.appspot.com/o/imagestour%2Ftfd_190403095732_201996.jpg?alt=media&token=c01dfe5e-cf60-4d25-9a91-0607fb627cb9', 'tfd_190403095732_201996.jpg', '79990000', '79990000', '0', '<iframe width=\"560\" height=\"315\" src=\"https://www.youtube.com/embed/FtTd6iKLQxY\" title=\"YouTube video player\" frameborder=\"0\" allow=\"accelerometer; autoplay; clipboard-write; encrypted-media; gyroscope; picture-in-picture\" allowfullscreen></iframe>', '<p style=\"text-align: justify;\"><strong>Ngày 1 - TP HCM – AUCKLAND&nbsp;</strong></p><ul><li style=\"text-align: justify;\">Trưởng đoàn&nbsp;Vietravel&nbsp;đón Quý khách tại điểm hẹn Sân bay Quốc tế Tân Sơn Nhất. Đoàn làm thủ tục lên chuyến bay, khởi hành tới&nbsp;Auckland&nbsp;(quá cảnh Singapore hoặc Malaysia). Ăn tối và nghỉ đêm trên máy bay. </li></ul><p style=\"text-align: justify;\"><span style=\"font-family: -apple-system, BlinkMacSystemFont, &quot;Segoe UI&quot;, Roboto, &quot;Helvetica Neue&quot;, Arial, &quot;Noto Sans&quot;, sans-serif, &quot;Apple Color Emoji&quot;, &quot;Segoe UI Emoji&quot;, &quot;Segoe UI Symbol&quot;, &quot;Noto Color Emoji&quot;;\"><strong>Ngày 2 - AUCKLAND (Ăn tối)</strong></span></p><ul><li style=\"text-align: justify;\">Đến&nbsp;Auckland&nbsp;- thành phố lớn nhất New Zealand, Hướng dẫn viên hỗ trợ Đoàn làm thủ tục nhập cảnh. Xe đưa Quý khách đến khách sạn nhận phòng, ăn tối và nghỉ ngơi tại đây. </li></ul><p><span style=\"text-align: justify; font-family: -apple-system, BlinkMacSystemFont, &quot;Segoe UI&quot;, Roboto, &quot;Helvetica Neue&quot;, Arial, &quot;Noto Sans&quot;, sans-serif, &quot;Apple Color Emoji&quot;, &quot;Segoe UI Emoji&quot;, &quot;Segoe UI Symbol&quot;, &quot;Noto Color Emoji&quot;;\"><strong>Ngày 3 - AUCKLAND – WAITOMO – TAUPO (Ăn ba bữa)</strong></span></p><ul><li style=\"text-align: justify;\">Ăn sáng và trả phòng khách sạn. Quý khách khởi hành đi&nbsp;Waitomo&nbsp;- thành phố của những hang động đá vôi, tham quan động đá vôi nổi tiếng thế giới&nbsp;Waitomo Glowworm&nbsp;là thiên đường của những con đom đóm, với đủ các loại đom đóm tụ họp và phát sáng kỳ diệu khiến du khách có cảm giác như đang đứng dưới bầu trời đầy sao. Sau bữa trưa, Đoàn khởi hành đến Hồ nước ngọt lớn nhất New Zealand –&nbsp;Hồ&nbsp;Taupo. Đến nơi, Quý khách ăn tối và nhận phòng khách sạn nghỉ ngơi. </li></ul><p><span style=\"text-align: justify; font-family: -apple-system, BlinkMacSystemFont, &quot;Segoe UI&quot;, Roboto, &quot;Helvetica Neue&quot;, Arial, &quot;Noto Sans&quot;, sans-serif, &quot;Apple Color Emoji&quot;, &quot;Segoe UI Emoji&quot;, &quot;Segoe UI Symbol&quot;, &quot;Noto Color Emoji&quot;;\"><strong>Ngày 4 - TAUPO – WAIOTAPU – ROTORUA (Ăn ba bữa)</strong></span></p><ul><li style=\"text-align: justify;\">Ăn sáng và làm thủ tục trả phòng. Quý khách tham quan&nbsp;Hồ&nbsp;Taupo&nbsp;và hòa mình vào khung cảnh bao la, thơ mộng;&nbsp;Thác nước Huka&nbsp;– nơi bắt đầu của dòng sông Waikato - con sông dài nhất Tân Tây Lan; chiêm ngưỡng&nbsp;Điểm nhảy Bungee. Đoàn dừng chân tại&nbsp;Khu&nbsp;du lịch&nbsp;địa nhiệt Waiotapu, trong tiếng của thổ dân Maori có nghĩa là \"vùng nước thiêng\" được tạo ra từ các mạch ngầm của dãy núi lửa trong khu vực. Nơi đây có nhiều suối nước nóng tuyệt đẹp với những màu sắc sặc sỡ khác nhau. Tại đây, Đoàn sẽ được dịp chiêm ngưỡng&nbsp;Hồ Champagne&nbsp;nổi tiếng với những gam màu kì dị và có hình tượng như một ly sâm panh đang sủi bọt.&nbsp; Đoàn khởi hành đi&nbsp;Rotorua&nbsp;mệnh danh là “thành phố Lưu Huỳnh” và ăn trưa tại nhà hàng địa phương. Sau đó, Quý khách tham quan&nbsp;Làng văn hóa Tamaki Maori&nbsp;để trải nghiệm văn hóa của người thổ dân Maori, vượt qua một số thử thách và phong tục độc đáo mà người Maori đặt ra để “đón khách” như chạm mũi làm quen trước khi thưởng thức những món ăn truyền thống của người Maori. Quý khách trải nghiệm không gian văn hóa buổi chiều tối cùng với người dân. Nghỉ ngơi tại khách sạn. </li></ul><p><strong style=\"text-align: justify; font-family: -apple-system, BlinkMacSystemFont, &quot;Segoe UI&quot;, Roboto, &quot;Helvetica Neue&quot;, Arial, &quot;Noto Sans&quot;, sans-serif, &quot;Apple Color Emoji&quot;, &quot;Segoe UI Emoji&quot;, &quot;Segoe UI Symbol&quot;, &quot;Noto Color Emoji&quot;;\">Ngày 5 - ROTORUA (Ăn ba bữa)</strong></p><ul><li style=\"text-align: justify;\">Ăn sáng tại khách sạn. Đoàn khởi hành đi tham quan thành phố nhiệt “Rotorua”, thưởng thức&nbsp;Chương trình Agrodome&nbsp;với những màn trình diễn vui nhộn về công việc của nhà nông: nghệ thuật xén lông cừu, vắt sữa bò, chó chăn cừu. Sau đó, Quý khách tham quan 1 vòng&nbsp;Nông trại Agrodome&nbsp;bằng xe máy kéo, làm quen và tự tay cho những con vật dễ thương ăn, tiếp tục tham quan vườn cây Kiwi, nếm thử mật ong. Đoàn dùng bữa trưa tại nhà hàng địa phương. Buổi chiều, Đoàn ngồi&nbsp;Cáp treo Skyline&nbsp;để ngắm toàn cảnh Rotorua và tham gia các hoạt động giải trí tại nơi đây như trượt dốc; tham quan&nbsp;Vườn Chính phủ và Hồ Rotorua&nbsp;– hồ nước &nbsp;ngọt lớn thứ 2 ở Bắc Đảo New Zealand. Đoàn ăn tối và trở về khách sạn nghỉ ngơi. </li></ul><p style=\"text-align: justify;\"><strong>Ngày 6 - ROTORUA - MATAMATA – HAMILTON - AUCKLAND (Ăn ba bữa)</strong> </p><ul><li style=\"text-align: justify;\">Ăn sáng và trả phòng khách sạn. Xe đưa Quý khách đến&nbsp;Matamata&nbsp;tham quan&nbsp;Ngôi làng tí hon Hobbiton, ngôi làng được xây dựng để phục vụ cho tác phẩm điện ảnh nổi tiếng “Chúa tể những chiếc nhẫn”. Đến đây, Quý khách sẽ được chiêm ngưỡng một thế giới cổ tích trong đời thực. Xe đưa Quý khách đi Hamilton,&nbsp;tham quan Vườn hoa Hamilton&nbsp;là nơi mà vườn Maori truyền thống đầu tiên ra đời. Khu vườn trưng bày các dụng cụ, cách thức trồng trọt truyền thống cũng như các buổi lễ liên quan đến việc sản xuất và lưu trữ thực phẩm của người Maori địa phương qua các thế hệ. Đoàn chiêm ngưỡng những khu vườn đặc trưng có phong cách thiết kế riêng đại diện cho Anh, Nhật, Ý, ... Đoàn di chuyển đến&nbsp;Auckland. Tại đây, Quý khách tự do mua sắm tại trung tâm shopping nổi tiếng và lớn nhất&nbsp;New Zealand - Sylvia Park. Đoàn ăn tối và nghỉ ngơi tại đây. </li></ul><p><strong style=\"text-align: justify; font-family: -apple-system, BlinkMacSystemFont, &quot;Segoe UI&quot;, Roboto, &quot;Helvetica Neue&quot;, Arial, &quot;Noto Sans&quot;, sans-serif, &quot;Apple Color Emoji&quot;, &quot;Segoe UI Emoji&quot;, &quot;Segoe UI Symbol&quot;, &quot;Noto Color Emoji&quot;;\">Ngày 7 - AUCKLAND – TP. HỒ CHÍ MINH (Ăn ba bữa)&nbsp;</strong><br></p><ul><li style=\"text-align: justify;\">Đoàn ăn sáng tại khách sạn, tham quan trung tâm&nbsp;thành phố&nbsp;Auckland, tham quan&nbsp;Mount Eden&nbsp;- Đây là ngọn núi lửa tuyệt đẹp cao 196m, miệng sâu 50m, cho du khách một tầm nhìn toàn cảnh Auckland. Quý khách tham quan&nbsp;Cầu cảng Harbour; Con đường Tamaki thơ mộng dài khoảng 10 km uốn quanh cảng&nbsp;Waitemata,&nbsp;Vịnh nước mặn Mission&nbsp;là một phần của công viên giải trí Mission Bay, công viên thủy sinh nhân tạo lớn nhất trong nước;&nbsp;Công viên Auckland Domain&nbsp;rộng 75 hectares tọa lạc ngay trung tâm thành phố;&nbsp;Tháp Sky&nbsp;cao 328 m, một kiến trúc tuyệt vời của New Zealand và có chiều cao hơn cả tháp Eiffel. Sau bữa tối, Đoàn di chuyển ra sân bay, làm thủ tục đáp chuyến bay về&nbsp;TP.HCM&nbsp;(Quá cảnh Singapore hoặc Malaysia tùy chuyến bay) </li></ul><p style=\"text-align: justify;\"><strong>Ngày 8 - TP HCM</strong> </p><ul><li style=\"text-align: justify;\">Về đến sân bay&nbsp;Tân Sơn Nhất, trưởng đoàn&nbsp;Vietravel&nbsp;chia tay và hẹn gặp lại Quý khách trong những chương trình sau. Kết thúc chuyến tham quan.</li></ul>', '<p>Việc điều chỉnh yêu cầu xét nghiệm covid và mũi tiêm có thể sẽ thay đổi theo quy định hiện hành của Cơ quan Quản lý Nhà nước có thẩm quyền. Vui lòng liên hệ nhân viên tư vấn để biết thêm chi tiết</p>', '2', '<iframe src=\"https://www.google.com/maps/embed?pb=!1m18!1m12!1m3!1d25220488.825494375!2d156.95329171543082!3d-39.49929892057896!2m3!1f0!2f0!3f0!3m2!1i1024!2i768!4f13.1!3m3!1m2!1s0x6d2c200e17779687%3A0xb1d618e2756a4733!2sNew%20Zealand!5e0!3m2!1svi!2s!4v1667036415291!5m2!1svi!2s\" width=\"600\" height=\"450\" style=\"border:0;\" allowfullscreen=\"\" loading=\"lazy\" referrerpolicy=\"no-referrer-when-downgrade\"></iframe>', '1', '2022-10-29 09:43:45', '2022-11-27 10:20:41', '8', '20'),('27', 'Đà lạt', 'https://firebasestorage.googleapis.com/v0/b/test-8b330.appspot.com/o/imagestour%2Ftfd_220106052814_811487.jpg?alt=media&token=99d537a0-2d49-4620-9083-f70301a35848', 'tfd_220106052814_811487.jpg', '3790000', '3790002', '0', '<iframe width=\"560\" height=\"315\" src=\"https://www.youtube.com/embed/FtTd6iKLQxY\" title=\"YouTube video player\" frameborder=\"0\" allow=\"accelerometer; autoplay; clipboard-write; encrypted-media; gyroscope; picture-in-picture\" allowfullscreen></iframe>', '<p><strong>Ngày 1 - TP. HỒ CHÍ MINH - THÁC BOBLA - ĐÀ LẠT Số bữa ăn: 3 bữa (Ăn sáng, trưa, tối)</strong>&nbsp;</p><p>Quý khách tập trung tại công ty&nbsp;Vietravel&nbsp;(190 Pasteur, P. Võ Thị Sáu, Q3, TP.HCM). Đoàn khởi hành đi Đà Lạt và dùng bữa sáng. Trên đường, đoàn dừng chân tham quan: </p><p> •&nbsp;Thác Bobla:&nbsp;tu viện được xây dựng vào năm 1988 với kiến trúc đậm chất Á Đông và được bao bọc bởi những đồi trà xanh mát. Không gian nơi đây cực kì yên tĩnh và thanh tịnh là nơi du khách có thể tĩnh tâm và thư thái. </p><p>•&nbsp;Thiền viện Trúc Lâm:&nbsp;với quần thể công trình kiến trúc độc đáo, du khách còn được ngắm nhìn các vườn hoa xinh đẹp khoe sắc và toàn cảnh Hồ Tuyền Lâm với thiên nhiên, núi đồi, rừng thông Đà Lạt. </p><p>• Sau bữa tối, xe đưa đoàn chiêm ngưỡng khung cảnh&nbsp;‘‘Thung Lũng Đèn’’&nbsp;về đêm tại&nbsp;quán cà phê Làng Vũ Thị&nbsp;và&nbsp;thưởng thức cốc cà phê/ ca cao nóng&nbsp;- một trong những nơi sở hữu view ngắm thung lũng đèn ‘‘hot’’ nhất Đà Lạt. Quý khách còn có dịp được tự tay nướng và thưởng thức những củ khoai lang thơm ngon giữa tiết trời se lạnh. (Chi phí tự túc) &nbsp; Nghỉ đêm tại Đà Lạt. &nbsp; &nbsp; </p><p><strong>Ngày 2 - GA XE LỬA – F CÁNH ĐỒNG HOA – FRESH GARDEN Số bữa ăn: 3 bữa (Ăn sáng, trưa, tối)</strong>&nbsp;</p><p>Đà Lạt chào đón du khách với không khí lạnh tràn về, sau khi dùng bữa sáng, xe đưa đoàn tham quan: </p><p>• Ga xe lửa:&nbsp;đây được xem là nhà ga cổ kính nhất Việt Nam và Đông Dương, có phong cách kiến trúc độc đáo, có ba mái hình chóp, là cách điệu ba đỉnh núi Langbiang và nhà rông Tây Nguyên.</p><p>  • F Cánh Đồng Hoa:&nbsp;nằm ẩn mình trong một thung lũng bên sườn đồi thoai thoải, với một khoảng xanh mát của hoa và những bóng cây. Phía bên dưới là những cánh đồng hoa với muôn vàn màu sắc đua nhau nở rộ dưới một vùng trời tuyệt đẹp mang đậm chất Đà Lạt. Đến đây, Quý khách còn được thưởng thức các món nước được chế biến từ những loại trái cây tươi như: dâu tây, dưa lưới, chanh dây,... (chi phí tự túc).  Buổi chiều, đoàn tiếp tục tham quan:</p><p>  • Nhà Thờ Domain de Marie :&nbsp;theo dòng nữ tu Bác Ái, tọa lạc trên đồi Mai Anh, nổi bật với màu hồng sáng rực. Quý khách có thể chọn cho mình những món đồ từ len trong khuôn viên phía sau nhà thờ. </p><p> • Fresh Garden:&nbsp;là một trong những khu&nbsp;du lịch&nbsp;có đồi hoa đẹp tại Đà Lạt với view rừng nguyên sinh. Đến đây, quý khách sẽ đắm chìm trong khung cảnh thiên nhiên rộng lớn đầy thơ mộng với ngàn hoa đua nở. Nổi bật giữa Fresh Garden là cánh đồng hoa bát ngát ngập sắc màu. Bên cạnh đó còn có các tiểu cảnh vô cùng độc đáo, mới lạ &amp; duy nhất như: đường hầm nhiệt đới, đường hầm thời gian, hồ view rừng, cổng trời,...  Nghỉ đêm tại Đà Lạt&nbsp; &nbsp;&nbsp;</p><p><strong>Ngày 3 - KDL CAO NGUYÊN HOA – TỰ DO CHỢ ĐÀ LẠT Số bữa ăn: 2 bữa (Ăn sáng, trưa, tự túc ăn tối)</strong></p><p> Sau khi dùng bữa sáng tại khách sạn, xe đưa đoàn tham quan: </p><p> • KDL Cao Nguyên Hoa:&nbsp;với diện tích hơn 122ha, là nơi bảo tồn đa dạng sinh học đặc biệt là các lòai hoa thân gỗ không chỉ có ở Đà Lạt mà còn trên toàn Thế giới với mảng xanh của rừng - thảm cỏ tự nhiên rộng khắp, điểm xuyến những khóm hoa Thanh Anh nhẹ nhàng dọc lối đi. Đến đây Quý khách sẽ được trải nghiệm:&nbsp; - Quán Seven-T Coffee&nbsp;nằm giữa rừng thông với view 360° núi đồi xanh mát, bể bơi vô cực giữa rừng nhiệt đới&nbsp; - Xả stress và ghi lại những khoảnh khắc đẹp với&nbsp;Đà Lạt Swing&nbsp;– trò chơi “xích đu tiên” lớn nhất Việt Nam.&nbsp; - Rose Garden&nbsp;– Vườn hoa hồng với hàng trăm gốc hồng ngoại, hồng nội, hồng cổ thụ quý hiếm tỏa hương khoe sắc bốn mùa.&nbsp; - Con đường rừng nhiệt đới dẫn lối đến&nbsp;gốc si cổ thụ nghìn năm&nbsp;huyền bí và cổ kính.&nbsp; - Thoả sức chụp hình&nbsp;check in với&nbsp;dàn siêu xe&nbsp;cực chill, cực chất hay ngôi nhà phù thủy, đồi mai anh đào, đồi huệ sông nile, đồi hoa sim tím, đồi hoa hoàng yến,…  Đoàn dùng bữa trưa và về lại khách sạn tự do nghỉ ngơi. Buổi chiều Quý khách có thể lựa chọn tham gia các trải nghiệm độc đáo như: </p><p> •&nbsp;Vào 16h30&nbsp;đón hoàng hôn và thưởng thức bữa tiệc âm nhạc cùng Amazing Show&nbsp;với không gian ngoài trời và có tầm nhìn xuống thành phố Đà Lạt thơ mộng. Hoặc vào 19h00&nbsp;thưởng thức những bản nhạc trữ tình xưa, nhạc Trịnh, nhạc Bolero tại ‘‘Âm sắc Đà Lạt – Cung Đàn Xưa’’, Quý khách có dịp trải nghiệm một phong cách sống “chậm” và tận hưởng từng phút giây, lưu giữ những khoảnh khắc tuyệt vời ở tận sâu trong tâm hồn mỗi người. (Chi phí tự túc)</p><p>  • Tham gia chương trình&nbsp;chèo thuyền Sup và ngắm hoàng hôn trên hồ Tuyền Lâm&nbsp;là hoạt động ngoài trời mang đến cho quý khách cảm xúc vui vẻ, thư giãn để thưởng thức cảnh đẹp của thiên nhiên trên hồ. Đặc biệt cùng chụp những bức hình “ sống ảo” rất chill,&nbsp;check-in bãi cỏ lau, rừng ngập nước,… thưởng thức ly trà, cà phê thơm lừng và xì xụp mì ly xúc xích. (Chi phí tự túc) </p><p> •&nbsp;&nbsp;Trải nghiệm tắm khoáng nóng &amp; xông hơi tại Dlat’s&nbsp;giúp bạn thư giãn và nghỉ ngơi, giải tỏa căng thẳng (Chi phí tự túc)  ***Lưu ý: Chi phí vé và đi lại tự túc***  Buổi tối Quý khách tự do tản bộ Chợ Đà Lạt thưởng thức sữa đậu nành và bánh tráng nướng tại khu phố Tăng Bạt Hổ.  Nghỉ đêm tại Đà Lạt. &nbsp;</p><p> <strong>Ngày 4 - ĐÀ LẠT – MONGO LAND - TP. HỒ CHÍ MINH Số bữa ăn: 2 bữa (Ăn sáng, trưa) Sau khi dùng bữa sáng tại khách sạn, xe đưa đoàn tham quan:</strong> </p><p> •&nbsp;Mongo Land:&nbsp;mang&nbsp;vẻ đẹp hoàn toàn mới lạ - một \"tiểu Mông Cổ thu nhỏ\" trong lòng Đà Lạt được thiết kế như một nông trại với những chiếc lều đủ màu sắc. Tất cả đều được bài trí độc đáo, bắt mắt theo phong cách Mông Cổ đặc trưng. Đến đây, ngoài việc tận hưởng bầu không khí trong lành và chiêm ngưỡng vẻ đẹp của thiên nhiên hùng vĩ, Quý khách sẽ được trải nghiêm: -&nbsp;Thỏa thích chụp ảnh tại&nbsp;lều mông cổ, xích đu, nông trại âu, thảm cỏ, sa mạc xương rồng,… - Hòa mình vào thế giới của động vật:&nbsp;hươu sao, dê mini, cừu, thỏ Việt, thỏ Holland Lop Hà Lan, thỏ Sư Tử, chim Yến, Chinchilla, sóc Chipmunk,…&nbsp;và tự tay cho thú ăn (thức ăn sẽ được Mongo Land chuẩn bị sẵn cho quý khách). - Tham gia các hoạt động vui chơi như:&nbsp;trượt cỏ, bắn cung -&nbsp;Trở&nbsp;thành những cô nàng, chàng trai du mục thực thụ&nbsp;khi diện trên mình trang phục người Mông Cổ. (Chi phí thuê trang phục tự túc).  Đoàn dừng tại Bảo Lộc dùng cơm trưa, sau đó khởi hành về điểm đón ban đầu. Chia tay đoàn và kết thúc chương trình&nbsp;du lịch.</p>', '<p>iệc điều chỉnh yêu cầu xét nghiệm covid và mũi tiêm có thể sẽ thay đổi theo quy định hiện hành của Cơ quan Quản lý Nhà nước có thẩm quyền. Vui lòng liên hệ nhân viên tư vấn để biết thêm chi tiết.</p>', '1', '<iframe src=\"https://www.google.com/maps/embed?pb=!1m18!1m12!1m3!1d25220488.825494375!2d156.95329171543082!3d-39.49929892057896!2m3!1f0!2f0!3f0!3m2!1i1024!2i768!4f13.1!3m3!1m2!1s0x6d2c200e17779687%3A0xb1d618e2756a4733!2sNew%20Zealand!5e0!3m2!1svi!2s!4v1667036415291!5m2!1svi!2s\" width=\"600\" height=\"450\" style=\"border:0;\" allowfullscreen=\"\" loading=\"lazy\" referrerpolicy=\"no-referrer-when-downgrade\"></iframe>', '1', '2022-11-27 10:24:22', '2022-11-27 10:29:52', '3', '3');
/*!40000 ALTER TABLE `tours` ENABLE KEYS */;
UNLOCK TABLES;

--
-- Table structure for table `userroles`
--

DROP TABLE IF EXISTS `userroles`;
/*!40101 SET @saved_cs_client     = @@character_set_client */;
/*!50503 SET character_set_client = utf8mb4 */;
CREATE TABLE `userroles` (
  `id` int NOT NULL AUTO_INCREMENT,
  `userId` int DEFAULT NULL,
  `roleId` int DEFAULT NULL,
  `chamngon` varchar(1000) CHARACTER SET utf8 COLLATE utf8_unicode_ci DEFAULT NULL,
  `website` varchar(255) CHARACTER SET utf8 COLLATE utf8_unicode_ci DEFAULT NULL,
  `kynang` varchar(5000) CHARACTER SET utf8 COLLATE utf8_unicode_ci DEFAULT NULL,
  `facebook` varchar(500) CHARACTER SET utf8 COLLATE utf8_unicode_ci DEFAULT NULL,
  `github` varchar(500) CHARACTER SET utf8 COLLATE utf8_unicode_ci DEFAULT NULL,
  `createdAt` datetime NOT NULL,
  `updatedAt` datetime NOT NULL,
  PRIMARY KEY (`id`),
  KEY `userId` (`userId`),
  KEY `roleId` (`roleId`),
  CONSTRAINT `userroles_ibfk_1` FOREIGN KEY (`userId`) REFERENCES `users` (`id`) ON DELETE CASCADE,
  CONSTRAINT `userroles_ibfk_2` FOREIGN KEY (`roleId`) REFERENCES `roles` (`id`) ON DELETE CASCADE
) ENGINE=InnoDB AUTO_INCREMENT=15 DEFAULT CHARSET=utf8 COLLATE=utf8_unicode_ci;
/*!40101 SET character_set_client = @saved_cs_client */;

--
-- Dumping data for table `userroles`
--

LOCK TABLES `userroles` WRITE;
/*!40000 ALTER TABLE `userroles` DISABLE KEYS */;
INSERT INTO `userroles` VALUES ('1', '1', '1', 'điếu thuốc tàn bên ly cafe cạn, đời khốn nạn biết kết bạn với ai !', 'admin.com', 'thông thạo tiếng việt, trình độ học vấn 12/12.', 'facebook.com', 'github.com', '2020-12-24 14:16:18', '2022-10-30 11:21:04'),('3', '8', '4', NULL, NULL, NULL, NULL, NULL, '2020-12-26 12:49:13', '2020-12-26 12:49:13'),('4', '9', '6', 'Có làm thì mới có ăn, không làm mà đòi có ăn thì có mà ăn cơm với cá', 'khongco.com', 'ngày ngủ đủ 8 tiếng', 'công tử hào hoa', 'git', '2020-12-26 12:50:00', '2022-11-28 07:50:59'),('15', '20', '6', NULL, NULL, NULL, NULL, NULL, '2022-10-29 10:10:28', '2022-11-28 07:50:53'),('16', '21', '6', NULL, NULL, NULL, NULL, NULL, '2022-11-27 06:24:15', '2022-11-28 09:17:07');
/*!40000 ALTER TABLE `userroles` ENABLE KEYS */;
UNLOCK TABLES;

--
-- Table structure for table `users`
--

DROP TABLE IF EXISTS `users`;
/*!40101 SET @saved_cs_client     = @@character_set_client */;
/*!50503 SET character_set_client = utf8mb4 */;
CREATE TABLE `users` (
  `id` int NOT NULL AUTO_INCREMENT,
  `name` varchar(255) CHARACTER SET utf8 COLLATE utf8_unicode_ci DEFAULT NULL,
  `gioitinh` int DEFAULT NULL,
  `email` varchar(255) CHARACTER SET utf8 COLLATE utf8_unicode_ci DEFAULT NULL,
  `password` varchar(255) CHARACTER SET utf8 COLLATE utf8_unicode_ci DEFAULT NULL,
  `avatar` varchar(1000) CHARACTER SET utf8 COLLATE utf8_unicode_ci DEFAULT NULL,
  `tenanh` varchar(500) CHARACTER SET utf8 COLLATE utf8_unicode_ci DEFAULT NULL,
  `diachi` varchar(255) CHARACTER SET utf8 COLLATE utf8_unicode_ci DEFAULT NULL,
  `sdt` varchar(255) CHARACTER SET utf8 COLLATE utf8_unicode_ci DEFAULT NULL,
  `ngaysinh` varchar(255) CHARACTER SET utf8 COLLATE utf8_unicode_ci DEFAULT NULL,
  `status` int DEFAULT NULL,
  `createdAt` datetime(3) NOT NULL DEFAULT CURRENT_TIMESTAMP(3),
  `updatedAt` datetime(3) NOT NULL DEFAULT CURRENT_TIMESTAMP(3) ON UPDATE CURRENT_TIMESTAMP(3),
  PRIMARY KEY (`id`)
) ENGINE=InnoDB AUTO_INCREMENT=20 DEFAULT CHARSET=utf8 COLLATE=utf8_unicode_ci;
/*!40101 SET character_set_client = @saved_cs_client */;

--
-- Dumping data for table `users`
--

LOCK TABLES `users` WRITE;
/*!40000 ALTER TABLE `users` DISABLE KEYS */;
INSERT INTO `users` VALUES ('1', 'Admin', '1', 'quocvip27399@gmail.com', 'quoc123', 'https://firebasestorage.googleapis.com/v0/b/test-8b330.appspot.com/o/imagesUser%2Ft%E1%BA%A3i%20xu%E1%BB%91ng%20(1).jfif?alt=media&token=817d4388-4639-44f8-bd9b-bfef12a22aab', NULL, 'qb', '0868230145', '1999-03-27', '1', '2022-03-10 04:32:16.000', '2022-10-30 11:21:04.000'),('8', 'le van quoc', '1', 'quoc@gmail.com', 'quoc123', 'https://firebasestorage.googleapis.com/v0/b/test-8b330.appspot.com/o/imagesUser%2Fthumb-1920-678647.jpg?alt=media&token=91476431-1fb0-403a-98aa-a4e4c5f2ad40', NULL, 'qb', '0868230145', '1999-03-27', '1', '2022-03-20 02:07:13.000', '2022-05-20 23:05:22.989'),('9', 'le quoc', '0', 'quocle@gmail.com', 'quoc123', '', NULL, 'qb', '0868230145', '1999-03-27', '1', '2022-03-20 02:10:31.000', '2022-10-27 08:05:53.000'),('20', 'quốc', '1', 'quoc456@gmail.com', 'quoc123', 'https://firebasestorage.googleapis.com/v0/b/test-8b330.appspot.com/o/imagesUser%2Fffec0b42b6d6229ca61d53dbf9bd6f74.jpg?alt=media&token=e127e60a-69e1-475c-bb49-e5f36e01697b', NULL, 'sb', '0987283', '2022-11-24', '1', '2022-10-29 10:10:27.000', '2022-11-27 09:58:02.000'),('21', 'quoc', NULL, 'lequoc@gmail.com', 'quoc12345', NULL, NULL, NULL, NULL, NULL, '1', '2022-11-27 06:24:15.000', '2022-11-28 09:20:16.000');
/*!40000 ALTER TABLE `users` ENABLE KEYS */;
UNLOCK TABLES;
/*!40103 SET TIME_ZONE=@OLD_TIME_ZONE */;

/*!40101 SET SQL_MODE=@OLD_SQL_MODE */;
/*!40014 SET FOREIGN_KEY_CHECKS=@OLD_FOREIGN_KEY_CHECKS */;
/*!40014 SET UNIQUE_CHECKS=@OLD_UNIQUE_CHECKS */;
/*!40101 SET CHARACTER_SET_CLIENT=@OLD_CHARACTER_SET_CLIENT */;
/*!40101 SET CHARACTER_SET_RESULTS=@OLD_CHARACTER_SET_RESULTS */;
/*!40101 SET COLLATION_CONNECTION=@OLD_COLLATION_CONNECTION */;
/*!40111 SET SQL_NOTES=@OLD_SQL_NOTES */;

-- Dump completed on 2021-06-02 16:06:07
